,bioguide,name,party,state,cross_betweenness,cross_weighted_degree,total_degree,cross_ratio
213,C001114,"Sen. Curtis, John R. [R-UT]",R,UT,0.1454672716448146,22,250,0.088
61,F000466,"Rep. Fitzpatrick, Brian K. [R-PA-1]",R,PA,0.07761863323494689,373,446,0.8363228699551569
134,C001135,"Rep. Chavez-DeRemer, Lori [R-OR-5]",R,OR,0.05524501119979667,152,195,0.7794871794871795
47,B001287,"Rep. Bera, Ami [D-CA-6]",D,CA,0.054968313675505434,71,631,0.11251980982567353
241,P000613,"Rep. Panetta, Jimmy [D-CA-19]",D,CA,0.0478343329127368,54,511,0.10567514677103718
279,P000608,"Rep. Peters, Scott H. [D-CA-50]",D,CA,0.037089664011025696,67,294,0.22789115646258504
42,C001113,"Sen. Cortez Masto, Catherine [D-NV]",D,NV,0.03606478657902448,116,235,0.49361702127659574
210,R000608,"Sen. Rosen, Jacky [D-NV]",D,NV,0.035477375904317356,47,105,0.44761904761904764
162,P000595,"Sen. Peters, Gary C. [D-MI]",D,MI,0.03111799791567067,97,193,0.5025906735751295
217,M001157,"Rep. McCaul, Michael T. [R-TX-10]",R,TX,0.02777219622927641,136,158,0.8607594936708861
117,B001277,"Sen. Blumenthal, Richard [D-CT]",D,CT,0.023016834560105445,99,191,0.518324607329843
92,M001219,"Del. Moylan, James C. [R-GU-At Large]",R,GU,0.02177290147020741,321,473,0.678646934460888
86,C001103,"Rep. Carter, Earl L. ""Buddy"" [R-GA-1]",R,GA,0.021308368685005057,316,448,0.7053571428571429
283,D000632,"Rep. D'Esposito, Anthony [R-NY-4]",R,NY,0.017774542484051244,136,167,0.8143712574850299
14,K000398,"Rep. Kean, Thomas H. [R-NJ-7]",R,NJ,0.013216517418926316,234,374,0.6256684491978609
143,W000828,"Rep. Williams, Brandon [R-NY-22]",R,NY,0.01306635736229377,150,190,0.7894736842105263
152,B001288,"Sen. Booker, Cory A. [D-NJ]",D,NJ,0.012905178628193294,66,155,0.4258064516129032
9,O000019,"Rep. Obernolte, Jay [R-CA-23]",R,CA,0.01279209102831532,198,312,0.6346153846153846
166,C001097,"Rep. Cárdenas, Tony [D-CA-29]",D,CA,0.01219012336533779,35,570,0.06140350877192982
270,G000559,"Rep. Garamendi, John [D-CA-3]",D,CA,0.01219012336533779,35,465,0.07526881720430108
71,G000583,"Rep. Gottheimer, Josh [D-NJ-5]",D,NJ,0.011586320632123113,88,804,0.10945273631840796
128,H001081,"Rep. Hayes, Jahana [D-CT-5]",D,CT,0.010104657958217484,18,672,0.026785714285714284
122,K000383,"Sen. King, Angus S., Jr. [I-ME]",I,ME,0.008614174970207956,121,121,1.0
253,F000472,"Rep. Franklin, Scott [R-FL-18]",R,FL,0.008413765909430788,129,348,0.3706896551724138
148,M001206,"Rep. Morelle, Joseph D. [D-NY-25]",D,NY,0.00836475925788254,31,618,0.05016181229773463
228,C001119,"Rep. Craig, Angie [D-MN-2]",D,MN,0.007371951970585106,33,499,0.06613226452905811
32,T000468,"Rep. Titus, Dina [D-NV-1]",D,NV,0.0071037138275823804,53,444,0.11936936936936937
59,L000599,"Rep. Lawler, Michael [R-NY-17]",R,NY,0.006940992266106457,214,375,0.5706666666666667
191,D000230,"Rep. Davis, Donald G. [D-NC-1]",D,NC,0.006892180378547945,53,621,0.0853462157809984
11,T000478,"Rep. Tenney, Claudia [R-NY-24]",R,NY,0.0058894760138870645,113,204,0.553921568627451
75,T000487,"Rep. Tokuda, Jill N. [D-HI-2]",D,HI,0.005411213312695893,53,713,0.07433380084151472
251,L000560,"Rep. Larsen, Rick [D-WA-2]",D,WA,0.00540795981701775,36,562,0.06405693950177936
194,N000193,"Rep. Nunn, Zachary [R-IA-3]",R,IA,0.005393625162514744,152,206,0.7378640776699029
90,S000344,"Rep. Sherman, Brad [D-CA-32]",D,CA,0.00519095983064137,140,371,0.37735849056603776
41,T000250,"Sen. Thune, John [R-SD]",R,SD,0.004690837282525938,84,163,0.5153374233128835
50,A000376,"Rep. Allred, Colin Z. [D-TX-32]",D,TX,0.004678284168778384,51,632,0.08069620253164557
201,E000295,"Sen. Ernst, Joni [R-IA]",R,IA,0.0046022057213786025,50,104,0.4807692307692308
255,D000628,"Rep. Dunn, Neal P. [R-FL-2]",R,FL,0.004364778665816846,169,438,0.3858447488584475
99,M001221,"Rep. Molinaro, Marcus J. [R-NY-19]",R,NY,0.004332419967730645,150,199,0.7537688442211056
292,H001061,"Sen. Hoeven, John [R-ND]",R,ND,0.004091420073757516,46,84,0.5476190476190477
290,V000137,"Sen. Vance, J. D. [R-OH]",R,OH,0.004091420073757516,46,84,0.5476190476190477
35,H000601,"Sen. Hagerty, Bill [R-TN]",R,TN,0.004083587508574298,49,103,0.47572815533980584
231,J000301,"Rep. Johnson, Dusty [R-SD-At Large]",R,SD,0.0040441524839895035,21,61,0.3442622950819672
46,K000391,"Rep. Krishnamoorthi, Raja [D-IL-8]",D,IL,0.004043479492331971,36,692,0.05202312138728324
154,F000479,"Sen. Fetterman, John [D-PA]",D,PA,0.00395135938745537,95,191,0.4973821989528796
106,M000934,"Sen. Moran, Jerry [R-KS]",R,KS,0.003872835439235549,60,107,0.5607476635514018
49,S000522,"Rep. Smith, Christopher H. [R-NJ-4]",R,NJ,0.003532677962533098,14,209,0.06698564593301436
187,R000605,"Sen. Rounds, Mike [R-SD]",R,SD,0.0034868416474124354,58,105,0.5523809523809524
233,S001207,"Rep. Sherrill, Mikie [D-NJ-11]",D,NJ,0.0034420074698285267,39,635,0.06141732283464567
85,C001059,"Rep. Costa, Jim [D-CA-21]",D,CA,0.003441656377720054,161,731,0.22024623803009577
39,F000463,"Sen. Fischer, Deb [R-NE]",R,NE,0.003106539769004902,92,170,0.5411764705882353
257,S001209,"Rep. Spanberger, Abigail Davis [D-VA-7]",D,VA,0.0030166060606724495,38,596,0.06375838926174497
87,T000460,"Rep. Thompson, Mike [D-CA-4]",D,CA,0.0030022340592987867,151,816,0.18504901960784315
18,B001278,"Rep. Bonamici, Suzanne [D-OR-1]",D,OR,0.002917021856448492,136,971,0.1400617919670443
72,N000191,"Rep. Neguse, Joe [D-CO-2]",D,CO,0.002880475022840664,37,636,0.05817610062893082
120,G000359,"Sen. Graham, Lindsey [R-SC]",R,SC,0.0028337175726220985,58,104,0.5576923076923077
16,M001224,"Rep. Moran, Nathaniel [R-TX-1]",R,TX,0.0028041131562138093,74,152,0.4868421052631579
103,E000297,"Rep. Espaillat, Adriano [D-NY-13]",D,NY,0.0027093330357200003,10,532,0.018796992481203006
111,H001046,"Sen. Heinrich, Martin [D-NM]",D,NM,0.002586511359419001,128,268,0.47761194029850745
57,S001226,"Rep. Salinas, Andrea [D-OR-6]",D,OR,0.002561078402011833,15,559,0.026833631484794274
31,N000147,"Del. Norton, Eleanor Holmes [D-DC-At Lar",D,DC,0.00237517116416928,9,776,0.011597938144329897
179,N000179,"Rep. Napolitano, Grace F. [D-CA-32]",D,CA,0.002319549429376019,64,540,0.11851851851851852
38,B001236,"Sen. Boozman, John [R-AR]",R,AR,0.0022814441894186397,24,53,0.4528301886792453
34,C000880,"Sen. Crapo, Mike [R-ID]",R,ID,0.00227394109410574,67,143,0.46853146853146854
161,R000584,"Sen. Risch, James E. [R-ID]",R,ID,0.002254527040175755,40,81,0.49382716049382713
27,C001134,"Rep. Caraveo, Yadira [D-CO-8]",D,CO,0.0022302543201233693,110,678,0.16224188790560473
224,M001153,"Sen. Murkowski, Lisa [R-AK]",R,AK,0.002104509310127573,33,80,0.4125
0,R000595,"Sen. Rubio, Marco [R-FL]",R,FL,0.0020605895979189767,112,201,0.5572139303482587
288,H001079,"Sen. Hyde-Smith, Cindy [R-MS]",R,MS,0.0020168806936117895,62,131,0.4732824427480916
209,B001261,"Sen. Barrasso, John [R-WY]",R,WY,0.0019309888757217475,16,32,0.5
23,L000602,"Rep. Lee, Summer L. [D-PA-12]",D,PA,0.0018726987580066352,121,775,0.15612903225806452
20,R000305,"Rep. Ross, Deborah K. [D-NC-2]",D,NC,0.0018694668689365963,119,726,0.16391184573002754
29,M001227,"Rep. McClellan, Jennifer L. [D-VA-4]",D,VA,0.0018686733551706413,83,618,0.1343042071197411
202,S001217,"Sen. Scott, Rick [R-FL]",R,FL,0.0018128501513014178,89,169,0.5266272189349113
37,T000476,"Sen. Tillis, Thomas [R-NC]",R,NC,0.001766956272512544,79,163,0.48466257668711654
235,C001112,"Rep. Carbajal, Salud O. [D-CA-24]",D,CA,0.001755269116731245,9,538,0.016728624535315983
116,C001096,"Sen. Cramer, Kevin [R-ND]",R,ND,0.0017525546189815285,104,201,0.5174129353233831
30,F000476,"Rep. Frost, Maxwell [D-FL-10]",D,FL,0.0017290931343383242,82,598,0.13712374581939799
207,C001056,"Sen. Cornyn, John [R-TX]",R,TX,0.0017090438397683702,105,207,0.5072463768115942
110,C001035,"Sen. Collins, Susan M. [R-ME]",R,ME,0.001688802003274365,124,241,0.5145228215767634
28,S001208,"Rep. Slotkin, Elissa [D-MI-7]",D,MI,0.001684628928024407,83,552,0.1503623188405797
69,M000317,"Rep. Malliotakis, Nicole [R-NY-11]",R,NY,0.001622873519806252,15,20,0.75
3,M001222,"Rep. Miller, Max L. [R-OH-7]",R,OH,0.0016063377191543272,111,211,0.5260663507109005
198,H001089,"Sen. Hawley, Josh [R-MO]",R,MO,0.0015690718190530756,107,206,0.5194174757281553
223,D000618,"Sen. Daines, Steve [R-MT]",R,MT,0.001542907302162732,26,62,0.41935483870967744
196,B001319,"Sen. Britt, Katie Boyd [R-AL]",R,AL,0.0015423251069890441,40,73,0.547945205479452
2,L000397,"Rep. Lofgren, Zoe [D-CA-18]",D,CA,0.001494215466031211,121,728,0.1662087912087912
239,T000482,"Rep. Trahan, Lori [D-MA-3]",D,MA,0.0014899037677685932,38,597,0.06365159128978225
195,L000575,"Sen. Lankford, James [R-OK]",R,OK,0.0014488821727221635,98,189,0.5185185185185185
138,P000620,"Rep. Pettersen, Brittany [D-CO-7]",D,CO,0.001422492847066538,48,700,0.06857142857142857
135,V000129,"Rep. Valadao, David G. [R-CA-22]",R,CA,0.0013929424834262555,17,28,0.6071428571428571
205,R000618,"Sen. Ricketts, Pete [R-NE]",R,NE,0.001392035503138807,108,220,0.4909090909090909
247,V000138,"Rep. Vindman, Eugene Simon [D-VA-7]",D,VA,0.001349024494532496,6,29,0.20689655172413793
263,H001076,"Sen. Hassan, Margaret Wood [D-NH]",D,NH,0.001252761520798952,71,135,0.5259259259259259
146,M001225,"Rep. Mullin, Kevin [D-CA-15]",D,CA,0.0012371165403688316,45,663,0.06787330316742081
249,M001190,"Sen. Mullin, Markwayne [R-OK]",R,OK,0.0011883191804279848,21,60,0.35
112,R000615,"Sen. Romney, Mitt [R-UT]",R,UT,0.001175579345218643,26,51,0.5098039215686274
287,C001098,"Sen. Cruz, Ted [R-TX]",R,TX,0.0011484599135146534,18,49,0.3673469387755102
74,M001217,"Rep. Moskowitz, Jared [D-FL-23]",D,FL,0.0011454825910504685,15,506,0.029644268774703556
281,L000562,"Rep. Lynch, Stephen F. [D-MA-8]",D,MA,0.0011350449224644921,36,621,0.057971014492753624
102,S001200,"Rep. Soto, Darren [D-FL-9]",D,FL,0.0011282866931425473,10,505,0.019801980198019802
225,M001223,"Rep. Magaziner, Seth [D-RI-2]",D,RI,0.0011104808583780182,10,555,0.018018018018018018
53,W000795,"Rep. Wilson, Joe [R-SC-2]",R,SC,0.001105232611878689,16,255,0.06274509803921569
164,B001310,"Sen. Braun, Mike [R-IN]",R,IN,0.0010783093837904237,16,34,0.47058823529411764
62,D000633,"Rep. Duarte, John S. [R-CA-13]",R,CA,0.0010689160424653414,19,57,0.3333333333333333
153,S001194,"Sen. Schatz, Brian [D-HI]",D,HI,0.0010161723804862422,68,159,0.4276729559748428
155,W000817,"Sen. Warren, Elizabeth [D-MA]",D,MA,0.0009829000584177378,45,115,0.391304347826087
66,C001072,"Rep. Carson, Andre [D-IN-7]",D,IN,0.0009632217026145611,36,858,0.04195804195804196
186,Y000064,"Sen. Young, Todd [R-IN]",R,IN,0.0009295743954995274,54,103,0.5242718446601942
145,C001117,"Rep. Casten, Sean [D-IL-6]",D,IL,0.0009037529519696435,8,514,0.01556420233463035
33,H001090,"Rep. Harder, Josh [D-CA-9]",D,CA,0.0008908911902458468,28,514,0.054474708171206226
193,H001085,"Rep. Houlahan, Chrissy [D-PA-6]",D,PA,0.0008856461563125623,31,556,0.05575539568345324
93,W000826,"Rep. Wild, Susan [D-PA-7]",D,PA,0.0008585811224435508,131,754,0.17374005305039789
95,W000800,"Sen. Welch, Peter [D-VT]",D,VT,0.0008271602357296559,76,170,0.4470588235294118
10,F000459,"Rep. Fleischmann, Charles J. ""Chuck"" [R-",R,TN,0.0008117179318027083,76,364,0.2087912087912088
169,J000298,"Rep. Jayapal, Pramila [D-WA-7]",D,WA,0.0007943918717273341,31,625,0.0496
261,E000215,"Rep. Eshoo, Anna G. [D-CA-16]",D,CA,0.0007858873334263934,17,169,0.10059171597633136
13,C001129,"Rep. Collins, Mike [R-GA-10]",R,GA,0.0007658619135731591,87,395,0.22025316455696203
91,G000551,"Rep. Grijalva, Raúl M. [D-AZ-7]",D,AZ,0.0007523255838327186,120,888,0.13513513513513514
276,N000194,"Rep. Nickel, Wiley [D-NC-13]",D,NC,0.000738837299368235,31,558,0.05555555555555555
192,C001133,"Rep. Ciscomani, Juan [R-AZ-6]",R,AZ,0.0007101152600869194,25,55,0.45454545454545453
68,M000194,"Rep. Mace, Nancy [R-SC-1]",R,SC,0.0007059289973724145,18,32,0.5625
248,V000136,"Rep. Vasquez, Gabe [D-NM-2]",D,NM,0.0007006810670411778,6,85,0.07058823529411765
22,S001215,"Rep. Stevens, Haley M. [D-MI-11]",D,MI,0.000669335657101112,133,766,0.17362924281984335
177,J000309,"Rep. Jackson, Jonathan L. [D-IL-1]",D,IL,0.0006684774876511187,36,698,0.05157593123209169
165,B001303,"Rep. Blunt Rochester, Lisa [D-DE-At Larg",D,DE,0.0006684493981098648,31,578,0.05363321799307959
215,S001181,"Sen. Shaheen, Jeanne [D-NH]",D,NH,0.0006609890561412653,62,129,0.4806201550387597
119,H000273,"Sen. Hickenlooper, John W. [D-CO]",D,CO,0.000634965643994747,97,186,0.521505376344086
173,L000582,"Rep. Lieu, Ted [D-CA-36]",D,CA,0.0006167905772043365,40,767,0.05215123859191656
244,M001237,"Rep. McDonald Rivet, Kristen [D-MI-8]",D,MI,0.0006137958817001458,4,17,0.23529411764705882
19,F000477,"Rep. Foushee, Valerie P. [D-NC-4]",D,NC,0.0006071780840547494,130,886,0.14672686230248308
189,L000593,"Rep. Levin, Mike [D-CA-49]",D,CA,0.0006002811126696447,28,540,0.05185185185185185
275,K000381,"Rep. Kilmer, Derek [D-WA-6]",D,WA,0.0005960971356855495,33,581,0.05679862306368331
188,M001163,"Rep. Matsui, Doris O. [D-CA-7]",D,CA,0.0005891364890251035,33,621,0.05314009661835749
240,M001196,"Rep. Moulton, Seth [D-MA-6]",D,MA,0.0005846997670809949,32,586,0.05460750853242321
206,M001169,"Sen. Murphy, Christopher [D-CT]",D,CT,0.0005435291364584392,38,82,0.4634146341463415
48,P000616,"Rep. Phillips, Dean [D-MN-3]",D,MN,0.0005133130086467095,33,575,0.057391304347826085
212,W000437,"Sen. Wicker, Roger F. [R-MS]",R,MS,0.0005038846572545677,83,148,0.5608108108108109
242,L000578,"Rep. LaMalfa, Doug [R-CA-1]",R,CA,0.0004886854118747967,6,210,0.02857142857142857
246,C001126,"Rep. Carey, Mike [R-OH-15]",R,OH,0.0004886854118747967,6,12,0.5
222,W000805,"Sen. Warner, Mark R. [D-VA]",D,VA,0.0004827296435837891,90,173,0.5202312138728323
83,D000624,"Rep. Dingell, Debbie [D-MI-6]",D,MI,0.0004350051505390367,145,943,0.1537645811240721
96,W000802,"Sen. Whitehouse, Sheldon [D-RI]",D,RI,0.0004307824467951005,85,180,0.4722222222222222
156,L000491,"Rep. Lucas, Frank D. [R-OK-3]",R,OK,0.0004240438709184583,9,9,1.0
140,K000393,"Sen. Kennedy, John [R-LA]",R,LA,0.00040391581445805154,18,45,0.4
115,K000384,"Sen. Kaine, Tim [D-VA]",D,VA,0.00037869040591738027,103,199,0.5175879396984925
104,B001230,"Sen. Baldwin, Tammy [D-WI]",D,WI,0.00037400341423793023,69,161,0.42857142857142855
226,G000593,"Rep. Gimenez, Carlos A. [R-FL-28]",R,FL,0.0003677831309548809,11,24,0.4583333333333333
24,S001225,"Rep. Sorensen, Eric [D-IL-17]",D,IL,0.0003625937614855536,97,600,0.16166666666666665
159,J000288,"Rep. Johnson, Henry C. ""Hank"" [D-GA-4]",D,GA,0.0003314860913990669,4,532,0.007518796992481203
174,R000617,"Rep. Ramirez, Delia C. [D-IL-3]",D,IL,0.0003314860913990669,4,615,0.0065040650406504065
274,K000380,"Rep. Kildee, Daniel T. [D-MI-8]",D,MI,0.0003314860913990669,4,409,0.009779951100244499
183,T000469,"Rep. Tonko, Paul [D-NY-20]",D,NY,0.0003314860913990669,4,538,0.007434944237918215
200,B001320,"Sen. Butler, Laphonza R. [D-CA]",D,CA,0.0003210580811917077,46,94,0.48936170212765956
272,D000563,"Sen. Durbin, Richard J. [D-IL]",D,IL,0.0003193906759767551,38,65,0.5846153846153846
121,K000377,"Sen. Kelly, Mark [D-AZ]",D,AZ,0.0003188454469419288,104,211,0.4928909952606635
219,S001201,"Rep. Suozzi, Thomas R. [D-NY-3]",D,NY,0.0003038848998809793,6,93,0.06451612903225806
211,L000571,"Sen. Lummis, Cynthia M. [R-WY]",R,WY,0.0002989573567801961,83,153,0.5424836601307189
97,C001075,"Sen. Cassidy, Bill [R-LA]",R,LA,0.0002917195976230047,75,137,0.5474452554744526
256,B001260,"Rep. Buchanan, Vern [R-FL-16]",R,FL,0.00029153672569361567,8,8,1.0
305,V000133,"Rep. Van Drew, Jefferson [R-NJ-2]",R,NJ,0.00028720855042389847,12,231,0.05194805194805195
238,P000048,"Rep. Pfluger, August [R-TX-11]",R,TX,0.00028485823794405506,12,228,0.05263157894736842
118,G000386,"Sen. Grassley, Chuck [R-IA]",R,IA,0.00028219893829599494,56,125,0.448
236,M000687,"Rep. Mfume, Kweisi [D-MD-7]",D,MD,0.00028146636941927796,10,495,0.020202020202020204
63,B001243,"Sen. Blackburn, Marsha [R-TN]",R,TN,0.00027950052307954167,114,236,0.4830508474576271
291,B000944,"Sen. Brown, Sherrod [D-OH]",D,OH,0.00027851500466347416,44,100,0.44
44,M001137,"Rep. Meeks, Gregory W. [D-NY-5]",D,NY,0.00027736750806700523,8,456,0.017543859649122806
303,B001298,"Rep. Bacon, Don [R-NE-2]",R,NE,0.00027601449804856375,12,19,0.631578947368421
243,S001216,"Rep. Schrier, Kim [D-WA-8]",D,WA,0.00027424013088039537,6,450,0.013333333333333334
124,B001292,"Rep. Beyer, Donald S., Jr. [D-VA-8]",D,VA,0.0002662263315796533,38,283,0.13427561837455831
139,F000454,"Rep. Foster, Bill [D-IL-11]",D,IL,0.0002634743082978159,31,563,0.055062166962699825
94,H001042,"Sen. Hirono, Mazie K. [D-HI]",D,HI,0.0002561182316949685,33,80,0.4125
163,M001176,"Sen. Merkley, Jeff [D-OR]",D,OR,0.0002539239665754122,43,120,0.35833333333333334
105,M001183,"Sen. Manchin, Joe, III [D-WV]",D,WV,0.000252189242375171,38,66,0.5757575757575758
254,D000530,"Rep. Deluzio, Christopher R. [D-PA-17]",D,PA,0.0002421175008747338,45,720,0.0625
76,C001068,"Rep. Cohen, Steve [D-TN-9]",D,TN,0.00023187856383584938,11,527,0.020872865275142316
123,C001070,"Sen. Casey, Robert P., Jr. [D-PA]",D,PA,0.00022779546301116428,109,217,0.5023041474654378
208,O000174,"Sen. Ossoff, Jon [D-GA]",D,GA,0.00022049192664390276,52,95,0.5473684210526316
289,C000174,"Sen. Carper, Thomas R. [D-DE]",D,DE,0.00021831070058613044,40,84,0.47619047619047616
142,D000622,"Sen. Duckworth, Tammy [D-IL]",D,IL,0.00021831070058613044,40,84,0.47619047619047616
182,F000468,"Rep. Fletcher, Lizzie [D-TX-7]",D,TX,0.0002077067775773461,4,448,0.008928571428571428
114,L000570,"Sen. Lujan, Ben Ray [D-NM]",D,NM,0.00020183120601881548,34,107,0.3177570093457944
107,B001267,"Sen. Bennet, Michael F. [D-CO]",D,CO,0.00019758658908666847,87,172,0.5058139534883721
89,S001218,"Rep. Stansbury, Melanie Ann [D-NM-1]",D,NM,0.0001964597797681214,147,987,0.14893617021276595
147,W000804,"Rep. Wittman, Robert J. [R-VA-1]",R,VA,0.0001947193105021537,13,17,0.7647058823529411
204,C001088,"Sen. Coons, Christopher A. [D-DE]",D,DE,0.00019300941509166157,70,143,0.48951048951048953
40,K000367,"Sen. Klobuchar, Amy [D-MN]",D,MN,0.0001914806734696288,80,175,0.45714285714285713
64,C000059,"Rep. Calvert, Ken [R-CA-41]",R,CA,0.0001878006901818614,6,6,1.0
185,A000380,"Rep. Amo, Gabe [D-RI-1]",D,RI,0.00018695391523847036,25,247,0.10121457489878542
176,C001125,"Rep. Carter, Troy A. [D-LA-2]",D,LA,0.00018695391523847036,25,585,0.042735042735042736
278,C001078,"Rep. Connolly, Gerald E. [D-VA-11]",D,VA,0.00018695391523847036,25,526,0.04752851711026616
221,R000579,"Rep. Ryan, Patrick [D-NY-18]",D,NY,0.00018695391523847036,25,580,0.04310344827586207
282,S001156,"Rep. Sánchez, Linda T. [D-CA-38]",D,CA,0.00018695391523847036,25,277,0.09025270758122744
280,M001143,"Rep. McCollum, Betty [D-MN-4]",D,MN,0.00018695391523847036,25,628,0.03980891719745223
199,S000148,"Sen. Schumer, Charles E. [D-NY]",D,NY,0.00017818032620042483,56,100,0.56
60,L000564,"Rep. Lamborn, Doug [R-CO-5]",R,CO,0.0001761015759930963,18,277,0.06498194945848375
56,R000609,"Rep. Rutherford, John H. [R-FL-5]",R,FL,0.0001713075600779731,10,20,0.5
306,G000594,"Rep. Gonzales, Tony [R-TX-23]",R,TX,0.0001713075600779731,10,20,0.5
82,G000599,"Rep. Goldman, Daniel S. [D-NY-10]",D,NY,0.00017125813532059458,7,552,0.012681159420289856
197,C000141,"Sen. Cardin, Benjamin L. [D-MD]",D,MD,0.00015169382543360076,32,60,0.5333333333333333
77,I000058,"Rep. Ivey, Glenn [D-MD-4]",D,MD,0.0001448301154713032,26,549,0.04735883424408015
258,G000600,"Rep. Perez, Marie Gluesenkamp [D-WA-3]",D,WA,0.0001391263267567035,4,39,0.10256410256410256
157,L000551,"Rep. Lee, Barbara [D-CA-12]",D,CA,0.0001271151174614325,27,698,0.03868194842406877
160,M000312,"Rep. McGovern, James P. [D-MA-2]",D,MA,0.0001271151174614325,27,648,0.041666666666666664
172,O000172,"Rep. Ocasio-Cortez, Alexandria [D-NY-14]",D,NY,0.00012536691162951338,27,656,0.041158536585365856
113,C001047,"Sen. Capito, Shelley Moore [R-WV]",R,WV,0.0001235808986912083,117,214,0.5467289719626168
167,K000385,"Rep. Kelly, Robin L. [D-IL-2]",D,IL,0.00012354728598715876,27,705,0.03829787234042553
307,T000165,"Rep. Tiffany, Thomas P. [R-WI-7]",R,WI,0.00011972693986836494,12,236,0.05084745762711865
58,R000600,"Del. Radewagen, Aumua Amata Coleman [R-A",R,AS,0.00011972693986836494,12,45,0.26666666666666666
286,G000565,"Rep. Gosar, Paul A. [R-AZ-9]",R,AZ,0.00011972693986836494,12,44,0.2727272727272727
125,K000397,"Rep. Kim, Young [R-CA-40]",R,CA,0.00011972693986836494,12,44,0.2727272727272727
314,B000668,"Rep. Bentz, Cliff [R-OR-2]",R,OR,0.00011972693986836494,12,44,0.2727272727272727
313,B000825,"Rep. Boebert, Lauren [R-CO-3]",R,CO,0.00011972693986836494,12,44,0.2727272727272727
311,M001177,"Rep. McClintock, Tom [R-CA-5]",R,CA,0.00011972693986836494,12,44,0.2727272727272727
312,C001054,"Rep. Carl, Jerry L. [R-AL-1]",R,AL,0.00011972693986836494,12,44,0.2727272727272727
310,Z000018,"Rep. Zinke, Ryan K. [R-MT-1]",R,MT,0.00011972693986836494,12,44,0.2727272727272727
284,M001226,"Rep. Menendez, Robert [D-NJ-8]",D,NJ,0.0001188487214580795,27,525,0.05142857142857143
101,B001300,"Rep. Barragán, Nanette Diaz [D-CA-44]",D,CA,0.00011244223487313134,28,723,0.03872752420470263
180,E000296,"Rep. Evans, Dwight [D-PA-3]",D,PA,0.000104815083060363,8,501,0.015968063872255488
229,G000591,"Rep. Guest, Michael [R-MS-3]",R,MS,0.00010454646154506886,8,12,0.6666666666666666
232,Y000067,"Rep. Yakym, Rudy [R-IN-2]",R,IN,9.96848459275311e-05,10,16,0.625
237,F000469,"Rep. Fulcher, Russ [R-ID-1]",R,ID,9.96848459275311e-05,10,217,0.04608294930875576
144,B001223,"Rep. Bowman, Jamaal [D-NY-16]",D,NY,9.753110179755193e-05,28,647,0.04327666151468315
1,P000145,"Sen. Padilla, Alex [D-CA]",D,CA,8.552555138287609e-05,36,74,0.4864864864864865
5,B001291,"Rep. Babin, Brian [R-TX-36]",R,TX,7.82171647492643e-05,83,373,0.2225201072386059
79,S001221,"Rep. Scholten, Hillary J. [D-MI-3]",D,MI,7.528578008655313e-05,11,534,0.020599250936329586
54,M001199,"Rep. Mast, Brian J. [R-FL-21]",R,FL,7.04705975578812e-05,6,11,0.5454545454545454
108,S001198,"Sen. Sullivan, Dan [R-AK]",R,AK,6.983243191627643e-05,25,45,0.5555555555555556
109,G000555,"Sen. Gillibrand, Kirsten E. [D-NY]",D,NY,6.379997014999943e-05,57,110,0.5181818181818182
43,W000790,"Sen. Warnock, Raphael G. [D-GA]",D,GA,6.076706162563196e-05,39,69,0.5652173913043478
80,H001047,"Rep. Himes, James A. [D-CT-4]",D,CT,5.8297514944913825e-05,5,421,0.011876484560570071
301,P000619,"Rep. Peltola, Mary Sattler [D-AK-At Larg",D,AK,5.562173479326112e-05,4,436,0.009174311926605505
132,T000483,"Rep. Trone, David J. [D-MD-6]",D,MD,5.382156680734241e-05,34,663,0.05128205128205128
234,S001212,"Rep. Stauber, Pete [R-MN-8]",R,MN,5.279985196525274e-05,13,46,0.2826086956521739
4,W000814,"Rep. Weber, Randy K., Sr. [R-TX-14]",R,TX,5.042714960368045e-05,80,170,0.47058823529411764
214,S001150,"Sen. Schiff, Adam B. [D-CA]",D,CA,4.9874935893228926e-05,30,647,0.04636785162287481
21,J000308,"Rep. Jackson, Jeff [D-NC-14]",D,NC,4.221511469830983e-05,96,568,0.16901408450704225
168,J000305,"Rep. Jacobs, Sara [D-CA-51]",D,CA,3.787767943107525e-05,30,594,0.050505050505050504
220,H001093,"Rep. Houchin, Erin [R-IN-9]",R,IN,3.5373880775449904e-05,4,10,0.4
308,O000086,"Rep. Owens, Burgess [R-UT-4]",R,UT,3.5373880775449904e-05,4,10,0.4
84,G000582,"Rescom. González-Colón, Jenniffer [R-PR-",R,PR,2.7641199238232227e-05,166,261,0.6360153256704981
203,W000779,"Sen. Wyden, Ron [D-OR]",D,OR,2.699188116032384e-05,29,60,0.48333333333333334
309,S001191,"Sen. Sinema, Kyrsten [I-AZ]",I,AZ,2.1391559408760528e-05,8,8,1.0
264,M001198,"Sen. Marshall, Roger [R-KS]",R,KS,2.028114462446023e-05,10,16,0.625
25,I000056,"Rep. Issa, Darrell E. [R-CA-48]",R,CA,1.988538115705746e-05,65,141,0.46099290780141844
17,C001087,"Rep. Crawford, Eric A. ""Rick"" [R-AR-1]",R,AR,1.988538115705746e-05,65,140,0.4642857142857143
151,D000617,"Rep. DelBene, Suzan K. [D-WA-1]",D,WA,1.96744631076439e-05,33,595,0.05546218487394958
8,B000740,"Rep. Bice, Stephanie I. [R-OK-5]",R,OK,1.494491378884442e-05,66,142,0.4647887323943662
26,S001223,"Rep. Sykes, Emilia Strong [D-OH-13]",D,OH,1.244776089151367e-05,90,614,0.1465798045602606
12,M001218,"Rep. McCormick, Richard [R-GA-6]",R,GA,1.1610098315300625e-05,68,144,0.4722222222222222
6,B001307,"Rep. Baird, James R. [R-IN-4]",R,IN,7.5683755427944346e-06,79,359,0.2200557103064067
51,T000463,"Rep. Turner, Michael R. [R-OH-10]",R,OH,6.802145708656914e-06,4,8,0.5
55,R000603,"Rep. Rouzer, David [R-NC-7]",R,NC,6.802145708656914e-06,35,275,0.12727272727272726
141,S000033,"Sen. Sanders, Bernard [I-VT]",I,VT,5.01578718883222e-06,6,6,1.0
36,B001305,"Sen. Budd, Ted [R-NC]",R,NC,4.99955057603914e-06,45,103,0.4368932038834951
302,W000806,"Rep. Webster, Daniel [R-FL-11]",R,FL,0.0,6,201,0.029850746268656716
158,A000370,"Rep. Adams, Alma S. [D-NC-12]",D,NC,0.0,2,560,0.0035714285714285713
184,B001315,"Rep. Budzinski, Nikki [D-IL-13]",D,IL,0.0,2,465,0.004301075268817204
181,C001066,"Rep. Castor, Kathy [D-FL-14]",D,FL,0.0,2,446,0.004484304932735426
149,T000488,"Rep. Thanedar, Shri [D-MI-13]",D,MI,0.0,6,593,0.01011804384485666
178,G000546,"Rep. Graves, Sam [R-MO-6]",R,MO,0.0,31,62,0.5
285,R000576,"Rep. Ruppersberger, C. A. Dutch [D-MD-2]",D,MD,0.0,2,389,0.005141388174807198
150,T000467,"Rep. Thompson, Glenn [R-PA-15]",R,PA,0.0,2,2,1.0
175,K000394,"Rep. Kim, Andy [D-NJ-3]",D,NJ,0.0,2,462,0.004329004329004329
171,P000597,"Rep. Pingree, Chellie [D-ME-1]",D,ME,0.0,2,486,0.00411522633744856
15,F000446,"Rep. Feenstra, Randy [R-IA-4]",R,IA,0.0,75,161,0.4658385093167702
170,S001193,"Rep. Swalwell, Eric [D-CA-14]",D,CA,0.0,2,517,0.0038684719535783366
216,M001194,"Rep. Moolenaar, John R. [R-MI-2]",R,MI,0.0,2,10,0.2
7,G000061,"Rep. Garcia, Mike [R-CA-27]",R,CA,0.0,75,351,0.21367521367521367
293,L000577,"Sen. Lee, Mike [R-UT]",R,UT,0.0,2,2,1.0
218,G000592,"Rep. Golden, Jared F. [D-ME-2]",D,ME,0.0,2,418,0.004784688995215311
294,B001296,"Rep. Boyle, Brendan F. [D-PA-2]",D,PA,0.0,2,414,0.004830917874396135
295,B001313,"Rep. Brown, Shontel M. [D-OH-11]",D,OH,0.0,2,455,0.004395604395604396
296,C001061,"Rep. Cleaver, Emanuel [D-MO-5]",D,MO,0.0,2,472,0.00423728813559322
304,W000798,"Rep. Walberg, Tim [R-MI-5]",R,MI,0.0,5,15,0.3333333333333333
298,M001214,"Rep. Mrvan, Frank J. [D-IN-1]",D,IN,0.0,2,469,0.0042643923240938165
299,P000096,"Rep. Pascrell, Bill, Jr. [D-NJ-9]",D,NJ,0.0,2,389,0.005141388174807198
300,P000197,"Rep. Pelosi, Nancy [D-CA-11]",D,CA,0.0,2,417,0.004796163069544364
297,M001188,"Rep. Meng, Grace [D-NY-6]",D,NY,0.0,2,455,0.004395604395604396
126,D000096,"Rep. Davis, Danny K. [D-IL-7]",D,IL,0.0,2,440,0.004545454545454545
45,G000579,"Rep. Gallagher, Mike [R-WI-8]",R,WI,0.0,3,6,0.5
88,G000597,"Rep. Garbarino, Andrew R. [R-NY-2]",R,NY,0.0,161,257,0.6264591439688716
78,B000574,"Rep. Blumenauer, Earl [D-OR-3]",D,OR,0.0,2,403,0.004962779156327543
230,B001326,"Rep. Bynum, Janelle S. [D-OR-5]",D,OR,0.0,2,4,0.5
136,C001055,"Rep. Case, Ed [D-HI-1]",D,HI,0.0,5,35,0.14285714285714285
81,N000002,"Rep. Nadler, Jerrold [D-NY-12]",D,NY,0.0,2,473,0.004228329809725159
133,C001121,"Rep. Crow, Jason [D-CO-6]",D,CO,0.0,2,403,0.004962779156327543
252,G000577,"Rep. Graves, Garret [R-LA-6]",R,LA,0.0,7,7,1.0
250,C001095,"Sen. Cotton, Tom [R-AR]",R,AR,0.0,2,6,0.3333333333333333
190,T000486,"Rep. Torres, Ritchie [D-NY-15]",D,NY,0.0,2,480,0.004166666666666667
98,H001091,"Rep. Hinson, Ashley [R-IA-2]",R,IA,0.0,2,8,0.25
100,D000594,"Rep. De La Cruz, Monica [R-TX-15]",R,TX,0.0,2,6,0.3333333333333333
131,P000614,"Rep. Pappas, Chris [D-NH-1]",D,NH,0.0,4,414,0.00966183574879227
130,R000606,"Rep. Raskin, Jamie [D-MD-8]",D,MD,0.0,2,482,0.004149377593360996
245,M001208,"Rep. McBath, Lucy [D-GA-6]",D,GA,0.0,2,464,0.004310344827586207
129,K000375,"Rep. Keating, William R. [D-MA-9]",D,MA,0.0,2,492,0.0040650406504065045
73,F000462,"Rep. Frankel, Lois [D-FL-22]",D,FL,0.0,2,455,0.004395604395604396
260,B001285,"Rep. Brownley, Julia [D-CA-26]",D,CA,0.0,8,456,0.017543859649122806
127,W000808,"Rep. Wilson, Frederica S. [D-FL-24]",D,FL,0.0,2,531,0.003766478342749529
65,G000586,"Rep. Garcia, Jesus G. ""Chuy"" [D-IL-4]",D,IL,0.0,2,603,0.003316749585406302
277,R000122,"Sen. Reed, Jack [D-RI]",D,RI,0.0,2,4,0.5
52,C001127,"Rep. Cherfilus-McCormick, Sheila [D-FL-2",D,FL,0.0,2,551,0.003629764065335753
227,R000622,"Rep. Riley, Josh [D-NY-19]",D,NY,0.0,2,4,0.5
273,A000148,"Rep. Auchincloss, Jake [D-MA-4]",D,MA,0.0,5,459,0.010893246187363835
137,L000590,"Rep. Lee, Susie [D-NV-3]",D,NV,0.0,5,87,0.05747126436781609
271,W000788,"Rep. Williams, Nikema [D-GA-5]",D,GA,0.0,5,502,0.0099601593625498
269,W000823,"Rep. Waltz, Michael [R-FL-6]",R,FL,0.0,2,11,0.18181818181818182
70,W000822,"Rep. Watson Coleman, Bonnie [D-NJ-12]",D,NJ,0.0,2,607,0.0032948929159802307
268,H001071,"Rep. Hice, Jody B. [R-GA-10]",R,GA,0.0,2,2,1.0
267,C001084,"Rep. Cicilline, David N. [D-RI-1]",D,RI,0.0,8,410,0.01951219512195122
266,G000581,"Rep. Gonzalez, Vicente [D-TX-15]",D,TX,0.0,8,26,0.3076923076923077
265,S000510,"Rep. Smith, Adam [D-WA-9]",D,WA,0.0,2,425,0.004705882352941176
67,P000604,"Rep. Payne, Donald M., Jr. [D-NJ-10]",D,NJ,0.0,2,479,0.0041753653444676405
262,K000389,"Rep. Khanna, Ro [D-CA-17]",D,CA,0.0,5,448,0.011160714285714286
259,M001135,"Rep. Manning, Kathy E. [D-NC-6]",D,NC,0.0,2,412,0.0048543689320388345
