filename,size_bytes,sha256
1.txt,4590,3ea6d4dd40a45788da8a517ec1c1dce8806de351933970f7d669c23a62114ca3
10.txt,6189,0d2fc4557afc6e8e3723da1eeff6111005d29a2e950892b8e2cb00b3c5b6ee2b
1000.txt,2188,294320acd3f43339deff0156af45955f3ff0634f8de8483d0d08ee7c9cfce54a
1001.txt,12381,f394175419f9bd41d62bca0d3f1ce4d2b1cbe2fca9e6b53b1927a20e8433deba
1002.txt,1287,869e8d542c6fd472443c51b020839e9353daadd5ecddefd510a42ef6c1b846eb
1003.txt,5741,caa4bdc8a9cae7da99e1ce1f918d119bdd62a9369477cf2fc0cbfaa3aa229cb9
1007.txt,25512,6bde7ee74e28358b82411a6d5f4128462da11fcc15a2f1339238d9b47fa4e624
1009.txt,9492,8a26958a6cc1a303311f49f35284508c3df06100e3fc268cbfb1c4a8a4f09abe
1010.txt,24044,08cf098c268b38dac888450d08df3cfed82dbcb1deda60ed2b8085fe0d233b3f
1011.txt,9478,2f18ebf6dcd099919b576fd8503953e5dbb5d31974bcd118687937ca3f0c44c3
1014.txt,9210,bde2ddc220c59222b74bbf687a0f4037efd5b720c92c65a730d2a72e0b04fe89
1016.txt,14002,4bd2f197784768fb8e590baaee58d9fa0e90e8173e591ab7404083cf195c9868
1018.txt,68616,59e5486bc43f411e90dbd25e820d9913de75351ad372e75721fcfe4a7aecf26a
1021.txt,24050,0e8831a7ec6ad6f773b6168b4d988d0f2fc5829d925120972897f920e285046b
1025.txt,34372,47e80d7887a9bce45cbebea89d860a84db118583e93fd3860a632b8fd89f18f0
1026.txt,48825,29c25282388d97c45fae59ad000b896e618f6dd5bdbd78f6336a6ff6c11eaf2c
1027.txt,59539,711ce849a6e7d8e3dc0fed4a03fd336a52ff22558ef800ad175f09d96c6304da
1029.txt,28667,52de0ac20ba514c2fe39abeb0ba264bdeb16f2164f03cc4f0a5c79c49d01cd38
1032.txt,83930,675e2e8cf6e176c1d5d5d3cb875598eeadfa964c6f6350a874ebf6d809db9e23
1033.txt,30178,d44456044363ba0037c43feb6c3fa73b11ada613d062ed6835346b502fe016f3
1034.txt,9224,c5f5767ab1077003f14be65dc5bbef10f54a700266743cc3be3fd899d89cafe0
1036.txt,9880,0d9884f2f6fda83c7ff2d58fd04a3605b4c40da2cdaf299b3e2b3868e57ea65a
1044.txt,47746,5740a0af8058a2c25b0d9d5f4d1874a496593072c2f2ea7e54ecddb9a044959b
1045.txt,10003,941ff219809e5d9beacd74f7617fa8a76e38604b788ebffe24581885690493e5
1046.txt,8277,0d19f8c847e5ef8f920ccdcc6cb972b50c928a53b00d55bbd87a0ddd1e85fa8a
1052.txt,40620,e437e2071f2ae439d8f323fa2b1cbbbc557de0a0c7dd9241fb96a9c5a503cd4e
1053.txt,9341,8d3f34e3784552e3bac1a05c6786be3a83c3ee84a9e7a0824a44a3d0fd1569c6
1054.txt,10285,2c1a4d3e4568c3e5ef9aa7595aa8f17d18076d1535486983e5130169649132c3
1064.txt,33839,233beed94ba83a3eb1fe695f8b06f1c10bc42716172852e8cdc30d379bf3c79c
1065.txt,87146,31dc14b69df0195b09653169c40f2c387a6d1fdde0717fd0b3d357fb2a445cde
1072.txt,13504,0e72ca303e7cf18a63a9d41364d315173577b1c77414a3fe37de598af9b677c5
1074.txt,13639,ff410b1fddbbfd19981da524bcb3283c9ef81169c22f5b6b1fadf9d4f95a78a7
1076.txt,22525,beb518ac149ef168cb5981c1c2972db6460dfc245b616447db44dd18e0c78732
1087.txt,31912,531c11d080b47a9f34e71f13f7532a05447b7d45cd3b6f331b87e0b1457e1eaf
1088.txt,22835,9b8994474a4bfcd72a3ebd77be253f30ba247a69876c1e073550cdaad4d2d622
1097.txt,37438,2fabd2d4fdc4adabcdb4518ecc3d7794dd904918796f6693378198311e8b8560
1099.txt,40113,a7bb29d6ebd68f8c74228cb9d573e2cb3a8fe64ea9de25cf1a3a02ddfad55d65
11.txt,3523,192a2fab64c49c36a24e56161019a6fd47d7cad1511f11e33a0521a3ce21c4e2
1109.txt,8660,0dced8fe9477c545a9cdf5ea7132488e1aeae17568d025d3597d2a1fb23b4d11
1111.txt,18078,f448f5af9808749b4d27d5fd29f02a9755d64eaa39213af06197b9383b9fd499
1112.txt,139213,d3c9d50f783d1256c8c234a6d44145075ed5c369c111496fd08e06a1f154b3d9
1115.txt,18435,809ec16f297318fe7d0058afbc5e5570e68f16bc4169e0dfd41d3cb2f5adf07f
1116.txt,3512,29184db515c6193ea3c808fd4f6c2a9d9788548deb8b6d07f226b7013a988719
1117.txt,3571,25c8cddd2ab0d7ad181da58136e36fa41f3089c22327962f43ca6c80a7caeaa0
1123.txt,39227,7a6161b478abe35a263577f7b2def62f4cc8bc9fcc2cfde0ed141ec96e7e2ee1
1125.txt,12266,dfeb89bd407ce033458393df2a1f6e49bd630800aa3dc47c32b8e8b576b6388c
1126.txt,6661,bda24fe446b2da7fdb1fbf495bd42818d65839547cdce32badba07072f52593b
1127.txt,22843,30d52b3f1aeee23c7db71ca7a6bd8769c299c4535eeb30803159143b47597120
1128.txt,48181,518df33f74cbe8031d5b22c3025b41fecd3071b1c92531979e6faa46736c879b
1129.txt,6253,9f5c90bd62993148046a3eeb6bf437c0d0d8da3adbdc768477269e6e5b64012a
1135.txt,9560,fa8492c01f8c3d415698580765f3babcc68559ffce77bc8e9bc33bdb5c577b37
1137.txt,13897,888e44b44f9759803625734be918928c70d78043825d9c1939a8d8310788ea56
1138.txt,8338,7c7276ff01af747c6fd555d4e557b73a22e6f367bed98d0a444f77dc21f1f824
1144.txt,6008,e81f520b0e0f88062750f306b80b7f0ffa9a2806a8f1dd6073a5d7a441d2331c
1151.txt,30083,627822ef3cdbc9854a0dd66a0507f128718b037c129c0f3580ea7752365f95db
1152.txt,25704,fd9acb70b2590907cf5ff845a4f47b89ea515eb6670a65cd6e3244630c2dd357
1158.txt,7309,1081120e1faacb09384e9d93aaecebbbdb8f1767c19c93082eb54e2891fcbd2e
1161.txt,2125,bcdbd8120455845a6f5a3817856d0d96e61fddfdf18545595bb17910835c8d53
1163.txt,47022,8747755d21a15959d08088c67c6183b74ca6dd9ba9e10101185d687605c930b7
1187.txt,38281,4d75844128d654eb49b381045e4f814fddc481fa8cc3ba8cdc9aa183c8a8a79b
1188.txt,10626,11a3fa3e8d0d04bce10bf0da169bfcb94bc712772d5123767153b75ba85c535a
1189.txt,10681,75075860780ee150aa7b22efadb88488f04197413c99ac5e1df3f2d1cf11661b
1194.txt,9653,f63b74dc77ad2e304a4ff4af64a561c1bafaeee058f3ec0c9e31855aa83b6e68
1195.txt,4472,9235365d78cf9673334fcd62279830a242b6698e8702391c3f3c0b0c141aa10a
1196.txt,3135,f4927855d3fcbbcd6d609f2ea104101e8195212133aa1bb8a9e51a36022c7e1d
1197.txt,9717,2c0b465f65cd0d12c792a57e6bb548bf8c2085cd7d7466c931093f8fbc761118
1198.txt,5169,f6bd42f77e9c2948f5d32107e37060e3dc1f98a220e0b39928bde45aae8ac6fa
1199.txt,5850,c1d8761d119e2a30bec1b5b12df95b54c67952104331c9d73fd2e9be646d485f
12.txt,2225,475c59b0a1516893277f44431c55850ee56585beadb0a09f1033c4cfb94a5795
1200.txt,19932,73e4257e1462ffd805f391dc7ae057ee9ead6c95f987e341005deb8c761db510
1201.txt,66445,04643220c0167f4b790c74bab816511b3f53b67cad6414e66e517fcbd224c842
1202.txt,16693,ec0779e08536b7cc044444056d43e5a4484578ef8cb9ecde244b21bddf220d6c
1203.txt,6888,9f08716aac22302ba4c947b6802a1fc93a3423ea02e2e45400f20988a1c3b271
1205.txt,11666,b7a5bfe38ccf345d752cfd9d703402e832d2808bccf868d599d5bb9be4ce10da
1206.txt,22487,e2d732b0597592e4505918fc86c3838a24ad44d4bfa41736001eaff7b88790ae
1208.txt,2666,e47a135eaee2ceeb509ef356e4dd4bc8e5115343d10ced369acbbd07c4469d61
1209.txt,4963,24c6358c6a262f9f70972417a459c5b73bda407dc46f5f334f47888e5f647677
1212.txt,6567,d7b1a798947b3174a56c33796994f31780789ff4df5765d8ff7a8cedf90f31f4
1214.txt,46194,fcb23ee4919177660d641b06915fa713a3dade29a86b5d0a5a98b4236f44dace
1216.txt,10662,3507565c2f0f96401fc88deff78fcac3a7c5b72e134e581e9cfeefa01bcf0f5d
1218.txt,11490,266492f8c46010e0ab79bcd6ab233b5bb53b886668c76268a0c5f1eef8ac4dcb
1219.txt,33238,524bb5e96d1821be56144ab009908f77e119a35c132cbe7c4c78b6415e0ca2bb
1221.txt,17729,78105ea8f3a4f8b77f9f6799a17c0d0e5e55775a916abc03c303ecab7a385583
1222.txt,12717,44cd1ae4762913333401d3d158224d0ad20b91c59a2d8b2c1f184fd94cf81634
1223.txt,9584,6f81e0050e050f5c9d8dc4bbe14cd53fa8f420ed85aacabc174e219e3250b9f4
1225.txt,6920,0bfd83814feed56277d6b7bcdbc1d1dc63da6da109d8e66ffb6cfd3e4a1c08e8
1227.txt,1921,abccfb008e13515d0bd894df60e9ec7eaf6b1ea3f68f62992eeb64fa02d68dce
1228.txt,6318,4ff79859eb19601fbdbe4703808f3fe60e4e43725a308f8cdf8bfe67505b7a69
1230.txt,15451,73c63406179cf5cc7c43487999a569f5571a8d8266053e6a0b4cdfe37d0b083f
1231.txt,10092,ed261964c9813572f71a98e9247ae6231d80acc991b1debd891f8b9278c1f7c0
1232.txt,7880,feb43f90b84a186722eda11559fb809dd44f6ee4459537760ae823835dee8b3f
1233.txt,4344,89b9afd8919add5cca00b688aa790ae3a9bfba6035c463d9d58d5245a8655a76
1234.txt,7660,b26064de9f9dc97d5a8e9c1cf175528f43553a66f6be4737f18a56049a8173d4
1239.txt,11146,2efbaac6aa6d3b5063cc29a52ee29a87e3350d0d87356724fddf023b42f40472
1241.txt,5025,fb5e3a59c99aacd67fe2c5295c6428e2c18d8c32089711d50db606f660deb12a
1242.txt,25016,772ad31c7af6749752aad74c083aa6a5f03422c7f8a46505e4519eb9821c0aae
1243.txt,8566,399a5743c4cebc58307482a04ff638110aadd32835d2047ba93908bd3c36f50c
1244.txt,4097,9649475676d7307102d61a317efcd08d5c73bcb61b623f52ec02edab4c5bacaa
1245.txt,7048,6983230a61c9ebad2682ea70e4570f3cdeab2adaf2838cd8560658d647c2cf77
1246.txt,3715,1b1eb76f59c48e7870e4c5579b2a441a08f209e8398a1829b08dfb8a1af1d6ba
1247.txt,3022,405ad53d7e0d8fcc74ae4b14e831488bca5a4d9eaa9b1905f655febb6139620d
1248.txt,1976,464ee0a1aa86ca1aeb52553eb7c75dd769dbe340cf27bcf8a93869468c553a10
1249.txt,5090,ae9a18f72d5be8b852c455595460e0c4f4911bf85b15257fcc2da27db4bbdb46
1251.txt,14277,c63becbb5d618f2412df90abc9589b08ca01c69f204e7209b72e3b75e5f6b350
1258.txt,11413,5bcf604dc3b5e71888b28e490ab889151491694af0ddd8d9a703067ad86e63e3
1259.txt,15830,26057d42d704177a5c2e8a0169e0d4507042a5e5039cc89906b71e945d027fc8
1261.txt,2491,042f55e4195cef300b70de0e75f4ad3e12f542aa3c286a82fca582f89dfab42c
1263.txt,1713,28cb0ef11cbd0802a64c4c57c9ed4681adbbdb476574fd5aeb3bd1020095813f
1264.txt,5226,6dda8583112d7e51f58332a004783cd42b7a91db2ac950e0a63ba9b452ead1d7
1265.txt,815,b45daa4d7afba9d4954a654b271047db4e16030d54274db57cdb450c7e949fed
1269.txt,6942,b77bbef3615ba7af61fac11fb5d235526dde57f67689e00a86430533e37f664a
1270.txt,18166,a2c7eeb4d56dc921823d5945cc76608e97022a9ddca993772f8d4abe920f6e26
1274.txt,29244,fdb6ee97fc9cfa81da64b3b23d8a633c091db1b1cbce73aca6c8e430f23af74d
1276.txt,784,0188d9207882f86b09a7957df82de244287b3374bcf782aea59711dc843b21bf
1280.txt,10279,ed3a0cb9030cb84514eec253e173580dc8e6a3d44ebb4e91a7fc8b74672faf28
1283.txt,1019,ef5e7e5973e625d846c2fa8257ce4e3d7cdd460758c7f2ea9874fd0673856bb0
1287.txt,19673,358acdcc6c6ea355947981610b61ad05258f2c94df7d5fd5e999634a0e9ba9e2
1288.txt,5051,3dabe43b8b7396abb7b3a74f565d688057836ef68ac7f68a0806698593102248
1290.txt,837,de4ba1b4351a6ea38adeb11bc3a0a9058cb69c0ff8cfff090a7b4e487b5fe014
1293.txt,12843,4fe0797bf2f0603c2e5bbc2218ddb3fba3c2208334fd6e1a1efc7764ef05867b
1296.txt,8168,cf3f3d62a7d2bea5b4bf04da8582db8cb27de8e4d40f790269bcadb3a156f1f8
1297.txt,18774,9d6dd07bc29502893ddcdc37a52066b0938cb270fc18bfb3a2a30a7e785fcefc
1298.txt,13888,ddf037ae0e4615ac255f24fe79cd206ebbb68bab9e0f59d51a953f4278fa179b
13.txt,2309,edd4e2ee934ac512e61d344e2de8f5987d675d3eb4d4d2f5dc23f77d0427549e
1301.txt,6032,7d1888e4cdd8440f824fcf029e19a7c8629c8948295b761a3796459c967cb9c8
1303.txt,56447,1c81629a8019e362491c323ad0a1cc057cf418bc67b9cd2ec4f1ee7dbab56e2f
1304.txt,6007,a314f00593c110e52fa2656ffe97bb06064bdedeae6b215a7f2d06b069585f8a
1305.txt,9457,db9d09e6a4b5342fae4e9d6db5615b3a3212e07f3af7620de030d4f77e5599e9
1306.txt,10701,525ddfa67b97e2b5162c1da6f88a626ee0a1bf3310a96eb82a740f773d345e14
1307.txt,2546,e47a5710d8a6af0c5be3397f0e7790c78ff085f9830df2b42caf59efd129530d
1310.txt,15209,be8bf7bfad927a220918e7691d5b6a396d25e1807bde1c5bcae88ac41d654f44
1311.txt,8055,6ff522474ef1b1ef1ccd0451415a205283492cf68aba4a0a38a20aecf1372243
1312.txt,6257,082ff491c61d60de8510182327a16e80b2ddd9fe5cbf9d1842a5af18919ed23e
1315.txt,4988,6b92541318158430247d3f291ad9f1afbd9daa497d842a0c2b99e0635f678f1c
1316.txt,4742,e0f4cc86535d507c3e0e42d63adea112599866a9e7afc8ce7483da88a31f5337
1319.txt,8383,14ce3c565e0e09cf529152aed64af9d93517d7901198de2f9dfd3b15436a0b06
1320.txt,7286,c4c522811b288897e94f1f05f20d15763303ab496a498fca17f8d79b58e1c1f2
1322.txt,3498,fd7181dc97dce68c870a336e26a010ccb70c38327977949d4ba545cf38a6e4b0
1336.txt,28699,93ebb8f7895adaaf7ef67f8d3b129c2a5803834e514bc734737fb80004c493b7
1337.txt,14042,5bdb2ce021d47cf980fcca39231301080887806f6f515da0c9d38258bbd3d947
1338.txt,4686,e93f0706d667da8cc13d95885cbd192c9b7db4eacb9c1250eb0159f74f785df9
1341.txt,10560,0d60d8d259276e75f4962d51a880643744cad9b7cb3a3816113ea82538a3fb4c
1342.txt,3075,482a93d4c59d2a0b26acdb88b3be25610b959a5cd9b740e7292ba2aa1c004484
1343.txt,24698,5e95757d2756d5ed96a0e17a65bab77031e445a13ea701841578cce85a811dba
1344.txt,11280,f66c14f555b14a523c6b2d19f6f4a3f347bc8a9b83056188ae8e5ce4539c9fc3
1346.txt,1862,3aa47d6ce8abe1a6c2cfd37180099e9ed7918a064e4a49a06d2fece1709ad1f0
1348.txt,4873,2b7ebbd22e3e80f5fd9dc1a46ce0b2d0809802a2624082a14d4e4be6edbe8cb5
1352.txt,4710,4d4e36bc629950692c2d417770a5b3f784c7903ea057068cd1ec9d4d7ab29115
1353.txt,5054,51168665ca1a7e192682f3c71fa7bf3ad3f881a6317751c61f53c81094c3c1c5
1356.txt,85158,b8474cbb2bc528f316c551bed2cdcad12ce4fc23393cd241ebb58052dcd0a8c2
1357.txt,616,98070eae7b579851929d6226643b7f7c4618a87286932f4edf39ddc11ede7ac3
1358.txt,24489,3123484d349cabcf9c4d082b7698607ab91576ce740459943f69ddeb7531a0a6
1371.txt,15670,bbd6edf81918d127fdbdaaaf3ef1a58d6a1291c5917e361e812b4f486d0587ca
1372.txt,642,43e2a295b58de8aeca61a91794c9b1239b519ab5cf92c7585b257ba06562b849
1373.txt,10949,ab08d2d7861628d63390ef4858555d11d4a6c45e19ea20c4865f6d32739a0e9f
1374.txt,1132,711356d19605bc2738fdaf89fa05edbdf9077d34f54a43c070083f7ba7a7aad8
1375.txt,8405,2540b16b95207f3a25475f6fb0e1732fcf81059af545a15baecd465db5a7dd34
1376.txt,41172,68616e7b0a709d4d2c3f48d2624656a101de583e7b7595802f3ef6213bef7174
1377.txt,60317,095db6da8a2782066ec938e584f8ee24fcb73176194ebe63c3d36c50045dc5e0
1378.txt,6009,9ea8eeb82712f489f9945329456a145a43e4cdbb168a7f73cc0a45c6b0bcb053
1379.txt,26799,9a78c27f46b6bec683e4eb0ae73b7aaccaeaf8979f005dea8b56064c118244e5
1380.txt,5601,8e31a99caa4ca9643eac98b361cb81d3bde0b5d04d0ab59e4631b32288c29c45
1381.txt,18440,1a99f43e89a7ee94f182a3d328ca65c3e2b3aab01dce1d1167a1e87002364b20
1382.txt,9393,fa5edb056e8b4f34ea6064566e8082e744fc1073abae68dbedd8928291a55b70
1383.txt,17966,a9e5ddcbcf8ec46a07c4f3e27bdc61936a98c36b2cec08aa2ed2c1ed0e32e324
1385.txt,71080,9b5e9691d9a67c2a941d040ec5a3217cbd5acf44a1f2debffffd271c303c28e4
1387.txt,31163,7d52c9b6747c1cb21f1600736cb3910d7557477f3fa602a391eea709988db243
139.txt,19277,e4532fbdf5fc60114af3fa2eb975f41a76339341f2c7f841608251ddb4267b1d
1390.txt,4976,8f284206834bc2a73bbe0da40f9b67b8051ae0a9519225ff7d277670e2cde5dd
1391.txt,12973,f8d410a3b4883a77bb45b08fb25a123e4140a9ee439072c70d788ab356dd2e95
1392.txt,2405,98c89b73b418fa69a4ee738a65960ebbfbad9b5d6435e041d289121c6a8810c8
1394.txt,25070,341c8d234e0699f2b2c71b35a3924e74ab474cf04b8a9b9f33e7aedcefb31c4e
1395.txt,13891,6a8cb196cae7419ac58b503b475171ae1b23bdf45b2587d0cba5e993ebae5d5c
1396.txt,11844,9c70b526bc46daa054d056a8fc5686b4569974795a6a2e3dd61056ebce03a7a5
1399.txt,9617,f84395ebc8596449a719996029e041dbfd57422b7b94e54efe07d5022c05c19e
14.txt,19781,b628d970e4863cab15b4da1f02bf7971fe9ab0a7dc8f1750b2930f9041f51a5d
140.txt,5692,3577367ead93dc560977d1d3666af960ed2d5cfa19614dd33a1e71cf07feff4f
1402.txt,13811,4dc7511af979a01b3d0211aebf487f1112b64a74523a7c358c4bac1aa14c9ac4
1403.txt,14753,fae2b5c0c32ec5a986395e04345c0656a4047ae7cfb339f80d681045cb9a019c
1406.txt,6971,87ae98be9adac21704c089dd1107813376e697dc0dcd7329b91c1a666cb2b59c
1407.txt,3611,d7023eb5f6f87b6f2aaca8ca07519623540c58450e71301b058f4193d1de0ecb
141.txt,4245,d5ea150682174cdb0780c8dda2a6b5226acc8b5c168efc42af1c3ca92aef18c3
1411.txt,2000,cf325ff6c58fce3fd4256044d872e3734c777c5522daef5db2d240d965ef5ca3
1416.txt,8978,7bd0055fdd92cb73d4b8f231b1cd9d7fff23edc09334d558dd0b9e679bebd239
1417.txt,17412,6070ef1cb8cbe5c6b0327b73da739793f7d3f0a4740b46be3a18fce995ef0548
142.txt,3049,652deffbd8ba52c81413b7443bac2a831a97219972c4dc98eba82d933b544961
1420.txt,5709,5d81b51ba2af6c8bbf8a35722e42f0da8542c0311d43b5a46a26b0054d84f5bc
1426.txt,662,7d8e996d00674e837a13814a426cf7ce59a97bcc59920cb7179c2d13043215d4
143.txt,2389,81d86e3f6ff3349130392b37104e7ea50affbbd7dfdb8b955b94b45cc723748d
1431.txt,7462,17830c6849e11d091080b78ac752b9f4e3afcd5aa803585647af90fa600d0a5d
1432.txt,6046,6c5ac55ef7d21a4127df928396fabd9c7fdc2be837eb05aad4041ba42be6e809
1434.txt,54110,85492df882413dac4a4174c7e2463577426f969f4199cb1017b72f478530daab
1435.txt,18153,b4de50807da9b1cb79b78b1bdf11d09bfa9770e5d6c70280a9c170373ac09be1
1437.txt,31574,056c9238419483dda2d34c5031b8ed11b30a41bd83063a99ca2568f9258acf3a
1439.txt,4390,d28e45dff6d3fdbde8018ce2953609bb0493b52b5310434ce3ae54159bbda578
144.txt,5982,11895e751a34989ec720354c73215e844cdaeb1cf77be7bc2347cff2410dc477
1444.txt,17220,81bf8bbdae94a69517f9eecc7091a2d20eaa50850e854868b768ce7b0848123b
1445.txt,7605,a8c6b74c2afe7225b636918fc58c6282aaea10e851f2231a27b98fe8a223f35b
1446.txt,4631,5aa6d2a3fbd00dbf6faee4a6d43c94d039142301d94a85ede29c42fede87892e
1447.txt,1870,d12d1492be1e1e9d3ec14c531bd088d8ac51b0e149b19c69eb6ca4acb59fe1b3
145.txt,3853,8ab0dfb911aa28de5f393d4389d0e4a378a1db8dc43abe0c901a73928ed5e92c
1454.txt,1546,a80e539f3d1e10416197128e63b7d79216110b541a7018c643c367bdd26b5430
1459.txt,4847,4194f41789437be3cd52a58261d1f1999082e985b4bc315ffc9cea15cd42ff66
146.txt,3591,0dcda0bf7e7ca94010a6c8a752607fabe068e9e98029e8b1db57e20178d3280b
1460.txt,3045,313442dc1d8b6f602165d97fdef017abeb469b5afc1a6637aa4e7cbc8bec52d5
1464.txt,18079,50da4ce620476783f2e7c979041d7f1bf35a3cf479423d8c1e50cd75a83f5c41
1468.txt,6696,7a91fd13a45d6507468076923908ae9b99848c0eb86dd827459dc4ba1603243c
147.txt,6343,4c55512488aac2648a8a81142e88700e77c4d7dc587a2999832b8605da88032f
1470.txt,3132,e21893612e509bc9d71e603e9dd4ec744712161c022dadc13f0a6fff7608700a
148.txt,10946,34d49c966fe7976890f0077ffce5f47c7614f4215a95361759e874fe7adee627
1481.txt,3792,0c43430e4f38528683d590b26e34456e114f9478a5035aee37f65352def80a1c
1484.txt,9830,ee2518d7c0a5d3545b028a4a7ec5fd27fe66d3b25065b58dd613383ebbb66b20
1485.txt,2514,15d29f71713792408d63462c9f1184262c621d2cf1aab105b968d734ea9e432f
149.txt,3525,0f3ae9725d4e8a691055905b62344203587a3198d9a649c4d5895b2e930ceb4f
1496.txt,8983,b94c1536aae1f896dca13b2de11f43ce68e4757dbb78553e3ce44ff028c57d55
1497.txt,8624,e52a8a31399745cb1bf6d55ce13d3fec463d9762f485d3c3b4da81d272d7c27b
1499.txt,5714,8279c8b9214979dee465dc3b1018da887510eb1af569ef5470b5a86f4a86e0dd
15.txt,3687,6d5455fcec57b79475c77f9a297bf745e44af23445375ab5cb14f5aa6f73614e
150.txt,4836,85a8d71b4d58b266f7f83bbc2d6ad1811d6080f3aef68a9a5488c22df8d4991d
1500.txt,5561,56c705c5d38b50ca978491590d881daf130accc64805d090b858acb53c9cd88f
1501.txt,7487,7b7ff6075db86eaebbb93dd1e4ad29dc21f3a9dddb6c9ca30435fa6eb4c9199e
1504.txt,11830,3a4042b47a0d2f5a6d7c3244a5fb50945fe984cab383d5b451245af633d14d59
1505.txt,9586,30210c59b4e7326b36a69014ffa9c992bfcabd39f78bcfaa8ff2df8a3066b76b
1507.txt,5287,f93fdbba512e6c3a219f334dd73fb913d109fb777e9eb219c8f6abc52ec4a65d
1508.txt,1440,a525b83dae310f6d87fd3498c5b53585ce3e4ab98bdd4832fc4ff0a389060bb1
151.txt,2984,da305b8b6630311e44c126f7433c4d166a4c220cb4533fe6d1ec42c9219e65d7
1510.txt,1705,729751c43997d84a73e47c40d8cbbfa647b0cba01a791b91c8e9f5f66ba81bb6
1513.txt,11066,05a9b2434e253e7715154a48aa789b88cdb31f60b5ae3fbb776b6c63b676ab33
1515.txt,7431,dd839025312eb9c80d6e31da42340925203e10b87c7e4d7ddc649b491ba55943
1517.txt,17100,5e8f582b8b9af5d1dddf2a7f8f61bac674fee97ee5057d60e0f10ee87610dd61
1519.txt,5911,f98d6ee788fb29fe0a75f8060b22e65db608980c7279f874ee516854a8e2fcd1
152.txt,3564,64f78ff930f6ebe031e93d1421119015664b695b1e589ce12426c712965ed1e0
1521.txt,6365,eb0ef1a9bf0cce38acc7f02c3054466247eba0941b1236bd5c31ff929810dcfb
1525.txt,2229,cf88002b740e7ef689ee71b07158efeda0f4b742f2df4b1bd4d32f4ad884fcf9
1526.txt,4785,4ca95f76c35bc43c995e4adf97238c9da94ff32dec2fbcd80caa094ee11a10d9
1527.txt,5299,86b10f75a0e9325b78e748d5086a445cfb0cfd154751457aabb8c0c94b9fa31a
1528.txt,10969,faf2c58bd829f228cbae1df70e88b7b69952b64040432190c57e2404c6278153
153.txt,2935,c183e7371e6bac4d473b1a7f6338aa87a6bcbf0e7b5cf119a01be119a87c0ad5
1531.txt,1508,e6c1738b10709f5201e1ff469946d845052650565dfd4c332be4c905b17ba8ac
1532.txt,21416,c82a14e39ef20e941675d9bbf36ed83b9faf932611b046ee6e0e9cb37873a719
1535.txt,4859,544b37e87cbed260f679cb89398daf80e1152a4b64cc369550a0e7f2943f4b4a
1536.txt,5645,68e21cfb202f9a45d5b757a01ef7794a7add361bb21b405b23ec6a3eab472d3d
1537.txt,31437,1f1be5e77b2299ffd5e076f7d1ce349bc4112dd3b097d47755a65126bc6844db
1538.txt,5410,2cda36c715121c74cc531329079ba1d950e35bf7e7896e5e8bbcd6f2dd24a7fd
1539.txt,11290,6b1c8113fd9a6d313a248a8cbf58a89d9141370c02ce30ef551421bd7a6bed70
1543.txt,22539,77e5c298e04a9fde13b2f7f57eabaced9598cf4ebbe8f5261a32d88a228e3524
1544.txt,15597,fb3a458f6519183c3200a754965d5e9e50095874e5b9afb08f261debbef0f4ec
1545.txt,5463,ec1d8e47afa6a183372d703d6861789e2ca402adfa1229d104375be452778c97
1549.txt,19084,0922d7c893bf506be8503a8e588a7eaae59e2ece55e8cc308105d33bcf7e58a2
155.txt,808,4eff49a5e6276249e0b05f7dfd8183f9c1b9d36fa048c9f3c43207faddf0ee5e
1550.txt,2455,df27a703e0f06d952d95b101bf15ead6ab39a949633a0cee98e8d48784aeb8fc
1551.txt,20701,812203aca6c9a5bb00f3783ab44f046e46e19f902c42453d25d8549d571d096f
1552.txt,3634,c9078e51d7f62040de86ee82b8d265c81303593d37c8c713f2ff453d115740e0
1553.txt,38232,0fa4c658c86ca5c9982b8f2bc2bc236db9c26a961052440acaf5a29f37ebc99b
1554.txt,9675,7d1c4f5ff5bc5d79fe6d749a7c1572b22df551c216c105a817d32f6b6a405911
1555.txt,16373,d415e82a36e3587636cd2b65558981e7274c031ec728dfa0d722de048e7369b0
1556.txt,8012,b1c21d7fae338e6c61474456ec21459684ce47491c2a8ff3bb791c8378462225
1558.txt,7602,158e7543cc30129d99c0ae839f5028d79508f3e35103b329fbe00c9d4a1db893
1560.txt,1988,5ecb6338ed27a0b696a054e8e346e8123a6821bc6420de5d866e33ed9dd81461
1562.txt,4369,12c565f3201a49f96f222a60ee31266a4ffee2c3c1a9329f23be178f39d3475c
157.txt,6386,0902ab1d5a3aa3b92e04aaba152af6976520baf49a64121b5569bda7c14dcd39
1579.txt,2914,856e240186626aa37018561eff30ea0b23a5705a31c098a6dda68ab17b5dd32a
158.txt,4126,572c5e423d9235f788db71c64e7c53791ec18d3c6b814d41b96a85569bdc154f
1588.txt,6315,b65d593a79fd43ab09781f0524a139021ecad6f49cec62106b6e40cb09625e34
159.txt,5322,d38cc68012c9fbdaed33d9fd48e84f3791a2188e2f72007da9638804c4fc0eb0
16.txt,3379,eee9db3342fefdf78f453c9b4d592d43239f75f795da66879895acbb1edf5fe4
160.txt,3193,22d8b6f3fa8754b1b9753ceabbeddcb9e7d8db075f9f841f2b7668b1962e3268
161.txt,5575,a77faedbc438c7a48d5c94dcbd8269a3c95af93645074d5453196d4b07e299ab
1613.txt,9023,678e04623a30c2d1440da21cf65206028d6c32b0cc2aeae07ed9fbc1f1682138
162.txt,19706,c411b05a7d98f54a46e674981dcd83862c4bec7da3654cad61086bdaff9bc0a0
1621.txt,8469,065f66d115f8e8978d6ba5b884a934bfb081e99490efe0bc708a9823b195f991
1625.txt,5456,efc6a3a6f201d95c8a25bc55556c052a28e6e16388e59d65446510d3d01bcf09
163.txt,1585,8cd7b552ce53b42213ad5bbb3c7bde710e81084b055c067b2ea191ad8e0e1577
164.txt,14346,5d5d5094e94f749db0307b192be1c2991a635e329300ef586a24ecc96ceb848c
165.txt,2625,ae03af308e42b1991990187e87eadcc13b43fb2b19eb2b4b55baf49225a95143
1658.txt,5670,a099fae9e0663126b94ab0dd3ad027c620106e53be1762f6288b4c1846a95a8b
1663.txt,7345,d65928eed7a5794d8feee1fde7bc8e5aba7937460dcb80f0a1bfaf75b8910927
1664.txt,10460,ea4109a7efe0c244583f68a368e2e3ac6478bc1b5538496a087699bea3569c8b
1678.txt,9140,a015694de3bebc13f026217b5d2872267869ffc71d9001ea1cbb70b740a0e261
1679.txt,7548,5a8c0127d1a609b6aa4fb9f305b5eb4a1d25ab2be1818bc2542178a9ed95fdc9
168.txt,17353,5015794d4e319731c3ca93c23339b895fc2ed5c30c7892f53334f1b553fb3da2
1680.txt,13017,4ba9c0c458daeb679dff81259f8b018b8e730530192dd77d06d475a7dbdc41f1
1681.txt,3991,c2446f6232e57d8cf56b112c3bf0e1d814e5be48e231be772480ec2e3398eeb3
1684.txt,12317,52064f1936fc7fdee4d65b83e520897ca754fe72617df758b29f60040616bb27
1685.txt,3719,422718667747b6db7ce696d2e4c9424b62f755b2b9935c367d2efefb2be0e943
1687.txt,5909,abd73c0aae16faadf9ab53007bc2297177096c793b599834045115a8e37a096e
169.txt,8089,7749d4810d3f238997af834e9fb62eef0b2905bc6d674d3c260f02a151ce19c2
1690.txt,91063,0378d36600e6cb8faa6d67ddba5a6164c2d2faab4a9225ed440971e8848324fc
17.txt,2960,a7946e091abc2d3faf185630dd369ec677faf4b0847de4fb7ddb30a9b2d052f9
170.txt,2712,4c29d0b2f11cdd76b8ea963f1eb49fc0b10db48ffd6f5a01a0b816ce3ddb789a
1714.txt,6994,a623d345173e03f69360771f94e763cf655d78f8e47f686e0ca282252385d600
1715.txt,3034,b420298c5cf74bde94f78d276952eb6b245983a9772cabc1ff83b49a9259d3bd
1716.txt,2137,3dba07840a23e1d68efa7ca89a430b2b62c725d3c2e114349f2b195f2135512b
1719.txt,3314,fdca8c914a7e530678278dff06b8086b75cd3b9b4588a6ea70f62b7762baadae
1721.txt,21823,488c625df8d7f70eed8d8144b2ce3150df2ac63915d8c1c6f945031b5c7b1cd6
1723.txt,26479,e87a1f0df8a54eb03b6ebcf0d714b54c9f30efb5231e0224a14f862ef949e359
1725.txt,4300,2330835114c9430ef5a1fb8d5b594791527d9eeaf00dd6579cfd8a4bfc8724b7
1726.txt,11143,0db6d0d774d19799da5df2851c1c869238e250e32593ee0375890e85f6d70116
1728.txt,2761,b844a075142de33714bf4e75f5e4ff5bf38a6684f2628b85152b7b1dd3183d40
1729.txt,3013,efad1ad0f98a264411467a0ca5fc238c81bc98212738b7016618db93ed2f7076
173.txt,2019,8dbbab228b941ae5cc872fc47018513721c8f170da309e56b1c1f410a35bd3d9
1730.txt,3284,03a053a67b041eb3452e8fb1efc3d927ebe7069d7a10d701061b6b8c0050de83
1734.txt,2643,f442bc9d14d88cf066351580e1410430721c5791ea4a3097b51067fda6965519
1736.txt,740,f67eb02b209dcb7afc8bae363202527953594619340b66acd888c2924c7e6029
1737.txt,14388,4a6e462365498087d8503bb5b27ec3c1126e1dac8b8cf2b0e27ce1e0cb3f03a6
1738.txt,4071,054a240cbdcf305cd7220f2030724bed1626d99b529a4d9b7ecb9a22f74cbb93
1739.txt,1814,9c19d6b62822ae7d4591cf69d2a98289830c1a2b17cdda481ff28f17c797bcf8
174.txt,3569,37f794624862a00141a6ddf321d4b32d3c8528ef0dfb5e1145195bc8e96121ee
1740.txt,1232,8fcaa395443929dde7abfb116ea84deb59dbe081bfb7a6b156a469c85904f00c
1741.txt,5918,d778c1dcb247f24b2f09008e8732a3fdc2e35fae8543978645b1401385730ae0
1742.txt,2287,9e1c93e07d8ae6e2cf382f96b8bb95af0e88cd622f3efcdb2ced155beee652e0
1743.txt,2785,011d2ed1b72d6d167e8e59e329fe222aa89ab495e51a8ebe3b74566b9c6c817e
1744.txt,3608,596d841985ce2ab3b9ba04f22926ba305b48e1b69ff2ebddc06196c67644e733
1745.txt,4409,d14791684250d794b2a7fd261599507b9b1fd7732e183b118a6adcb9098b0475
1746.txt,2635,3be865f3f9cde7e32863e6911fd06fc024798b315252a917430a7a6c3c6cc26e
1747.txt,1986,7284fdeb7fd003711ea7e28919e1d2a24485731720a57dcb7beacb132b9947c5
1748.txt,3063,2c398a92bfa7503ec3a74432ae32d889cd24d6c314ab47f391a0349241ab4372
1749.txt,1092,85cb2d501d1723752c677ab03a1348cf550417c67b44d4e30d32ed2797f83369
175.txt,20338,cb189b351ea5ce72b39d0e02a749a671e951af1c228f94cf259969b3f9a628db
1750.txt,960,0d6ccc201b368867c9cfbd0a2ae513c775b480d6afab58bbf7ebb3498c361f79
1751.txt,2364,c0f6594d8de7c96fce20e9eb71732e934f200397b8fe70e328af74869c28100e
1752.txt,4272,835e4ced49c3f78e26dc081c81287ceea22a9e5543538274d388ba19add20b27
1753.txt,990,4a17e7aa84a7413fc4126353ef879ff631d5cdab9203adaea65700996abfc5cc
1754.txt,2533,4bf8922a32fc190bde21117332280e4a482ccb942dda906260f327299dab6f59
1755.txt,1242,65ae94f711425b5d42cf65ef4b02205736f7c645c9ca7fbee328a02762f89ec9
1756.txt,1112,39925f88a42b88d41774e1d4239492a12ae4020f803f433f5a39a4f11df87797
1757.txt,1290,660cf1f23fac4ef243baffd46ff6ee9cb9aef988d5c616e6a50731b42ac9ab80
1758.txt,3349,3ced91180a52951c45d991dc18df464fd5d4ec77284283211345b76c2774c32b
1759.txt,15308,c3d204b1d52e837e3cbf7339316e61cbebf4a08d63dee9c95628b58a34b1ade4
176.txt,2246,f8b976476e48d8b12a8586af25ec57abb8e594915930dace32efabdf9f776521
1760.txt,333,1a59afabe171ccb2ed413787d54eeb6ed3c38189e2482560e4afa11748d59f3c
1761.txt,5797,0766b5a308ae3b542e73e2dd93f65e26897a6aa85a3846d228170324afd5e62c
1762.txt,2636,69696d0cc7346796282d1187943a7d234a0971023bce73671d2f5ab2f100735f
1763.txt,81776,adc300039ecf888b1abb1eb390bff34775543fab981d29b90cbcd4399b4b59de
1764.txt,2779,90a13da60350afc56667cc0c24a8d0678f9efa40ff026096f3d04d89cfa1350c
1765.txt,37479,45fcc54f31be87bb4c9927d9ec29408cdda34a426e9ad0313d3c195d03d98213
1766.txt,10417,1b012d66d3f74ff22b213184a350fcdf91747437974980da6a5e12c9bf7dca35
1768.txt,444,d58922af9a644200299333473b5111d5d81d0d301d9e14ea1f1078354e00ac5b
1769.txt,531,1714e269ce018612c82f0149c71dd8b95685e3abf0867e2166611ff34880818d
177.txt,2409,34b1cbf1f81e47f124109ae91e6ef8832dbf1e555036b960ac4cf0e7e6cc3456
1770.txt,2820,0f1afd391502b8a1f809e1d0ec145d1220308002939dc323c2356d057471b6f3
1771.txt,6713,782232fe2b1c811ded4e34c75a2c637194b30ca89f6685569705f4b0fbe2f74a
1773.txt,11697,a5a5d171d21819531b9e5e4ca14fb60da26f8e2cc51f50d59a8dd70d9bee30bc
1774.txt,5498,e55ddc9926c891de48757a592e7a4b4f6a04e3ee4f0da3bba5f60a690d1759e4
1775.txt,453,afb0dcb070b67038f1494b7d7c0161805d28bcfcde12f05b6010ec41bded3002
1777.txt,3752,9ee19ec389c96af73532f54288bd1aa9cb36e6e744af8fb11b63b8432eb703ea
1778.txt,1380,dea8226f1133cb120a9bed0696f1a2fa72d6eebb607d1b533c9ed5759222f7af
1779.txt,444,cb1847576b7c3ba084c23bd822ecfcabb94df56837259921a177ee9e418cf7d1
178.txt,3589,c0fc5bc6e4d2f7b3e4280ae23290e5631866e63b4174b26c9e58f7b4d09ccb3c
1780.txt,4265,abf60acee7b326d50d7d2c7a07b8d7efd25da33469f07b77951cf4e913a4e655
1781.txt,6514,1a0c57508e343e4652f5cce996e1025643b30b361c3aa8a8f4c4c9d832b0bc03
1782.txt,34647,dbd8b1b24642545592b181165f2a8b23cacb62aed378cc9cf78db035c6aa7796
1783.txt,4351,d2a4bef2661ee9c85e010eca3492793f9a7c2ad21e1cf78befbf5bc937d27138
179.txt,1579,d48a9a13dae525f7cdbddb0de213428bb043cd624b7e4bad429f8989c0e83a38
180.txt,1772,3f88a2dfc9fbcd96559706d51c30e055c8efff148e2b7ac8a650e74c9a8ed9c2
1801.txt,18486,735e60bb1ab6797557c920ddfedee4b7c14bf4dac40469533ad3329c59fc94ea
1802.txt,37181,89948f53f92913dbbc300bac9288b1a4b4bd0e1b215c87368d7e47b6df91db04
1803.txt,13618,322dc67e2383a75383809995f394182588436c6fd5e6729675ef423497a51030
1804.txt,5943,1fbfc81611686a2d11b7232f67913edc2d6f340e8f9bf0708005f62c9c1a79dd
1805.txt,75748,2c36f5bfaf0d71d28d5eeb7151ee505cc264df71e65a81bfd32d8dfa4c32ffb2
1806.txt,11485,c79576fb07b3d84c8182c7c46e6a390c5168b5ff574294cb8c7b1a7ed407d5a5
1808.txt,81405,fc5b21a02297925d078c33bc4d43154b3973f8a25264a3aa5e5744072c6c8f0a
1809.txt,38856,d20e756bec6c94bd32b8864d7b6b68ee49077f3827ce2876d51451a731ebc081
181.txt,40056,e74cdf00c685e70e96bcbeec21696341b935b687222f66f47c8afd11e1fb1f6e
1815.txt,59842,fb1938e8037cd9daff2ef849a711705117f9120b4940d6daddfb14cc8d42e742
1816.txt,11625,fedac99ef24b22477d9380a601d7f25c174592ecfae4dab6a4a633da7ccb5e39
182.txt,3373,4144e4f3f3862655cbe3150faa6f2d00e1dc48a92d8b3817d73006ebb121d753
1820.txt,79033,4c0cb71a606236edca20fb9018dda955d7c5809f0d636321c023017021c4bfa9
1826.txt,54417,86ae2f4fe26f62b15433a625b29f2894c7084df09de1f2a9ecfead5da0a028d5
1828.txt,44661,c0b5976628cc9c4b7d874d871ebe2a135f86d875e5c28d0628f0418936d1cb8c
1829.txt,7310,f4566db61225fa62c58e4b1521cce058b10cb3e2462335764f76193b37e3a741
183.txt,3647,c64d772f02076c0d3b36914ffa5bf2bea769a6fc9a7fb1d86225771b1464c595
1830.txt,35007,97fb5c359225c653ef22938aff882370c3fb2ac9c819f1d4c3360c65db840e00
1831.txt,4882,ff8314d5895b283540869102d287d24cb09357c62b5e28054f0c353697c22d2f
186.txt,3450,8464b12eaae665f0b100471a6ae4f9f7117ef18210ec835ccf7f0c48a43eafc0
187.txt,2492,a5c9b39cf54f27c42c91387ce1e4dc3d3607ad7b549b5e77eddef949000e0a44
188.txt,5105,88d4a27bd6bdc735ef159e1d9d66d2619221a7c21b708242931bf8dd1acd8863
1886.txt,2224,de003e0371233ac421bbd224240cc3deaa2a477c877899b94737e12c6117508c
1887.txt,28631,03e046f34d2f2fc43aa0a76ec4596b0f4ff27594838420e717155501e24edb13
189.txt,2172,fba56fe7357c282851ca4ab4150ca84b8334151dc2e6a8695f39d98e1d09902d
1891.txt,39072,1c142ca704eff1e52ea8e8a78d240d470dbcf512d9063785c0a761f63069089f
1894.txt,2559,8629f7a0e54735101a6004a84fe80c5ea904b455a8b618696db3e6ec6ef05d99
1896.txt,14904,9c8555d42d055db880bc6c3c19193379883bc4d6e84f98e80df55389ea7c9974
190.txt,55253,d4ec38d26914d5946927602692ec479972f58fea63529a4031a478f00fce2308
1900.txt,9727,e47f2a0aa4034f1fe4d1f5ecae24e8cecef315e67f8b8a4a12b1677d91927ca2
1901.txt,5855,884a1bdc89942531f19d4539eb9183a5f5eb92d4303f15f6ff2bf65328bc1d05
1903.txt,12576,d45b6678a0c27a10b9b532ee3057b2a35a76c62e109d118f8f086b2c5d4d3b3a
1904.txt,1152,64ef93e83f49e67b90f8b672568f3f55bcd03255a424471d7fdab54a3978f2ad
191.txt,3860,7157625f8b3216333057a5e59bccedb94e3e573b0209a8b8cae7e897905614dd
1912.txt,5739,7c181c46d9026bba504580570f2307139237bebe398b4ed37b8a60df6398f697
1913.txt,6318,4d6d849befcc88253a10768048c89774a58f0ad499b5006f7b4154da18702535
1919.txt,9868,26ecdb57bc7562f2c5ed2a2b41a040120c896929b207deeb3b00b448468d2778
192.txt,4295,8d7a75b3c70ee0937c076ba855cdef84ea85153305eb197ad795b9ad681c30aa
1920.txt,4847,6926ec193f837b95e447d02ce20ebbcc11bc55b7f92dec2787a6e0d6945f7808
1921.txt,10555,4fc64865363be5caf1e30a14f1cc803f0b30c556653f02fe1e19bc722aa3a1f7
1922.txt,1589,63f7d386bc79dde19b109b423cbb45643ca4e2529b96b818605639db9a540e7e
1923.txt,9461,c49776a2c4912643061d230cd527b6d298c7922876662da8449e3e123dfca6b6
1924.txt,5510,c7eb4ce4a7e687e44ce19554409175d606e700085b238c7c56a608f1677d8a9c
1926.txt,5544,5da0888172dad9073a91cd70cf2bbc33c42956f619ba9c125e53b61ecb9a31fd
1927.txt,9031,49530e2cb9d4a3e4d8ee17dc3e981859b7e039feb4316e40d227ffb2f1bf724e
1929.txt,4558,4b305802357f5f7b3ec0c693ce17fbc7c5d8c2fa7aab18401142f744eb695bea
193.txt,24170,674bf0235d92abd1694d9cb0e18ec60552a63958cd3435e04d4d1f04e7438a29
194.txt,18574,d00bc8fccdc256ee756752179add6232bf2e50f3be7314aaa1586ad9947904cd
195.txt,18817,03e2bc90cb3b54c5cc30b19b0c09dfda6df53a1ebcd7cd38abef6ae4f309ef77
1955.txt,36511,4adc929c450f2cc23c9c5fc448646e146f2cf6a403db4699ccf0595b4afacd91
196.txt,2103,ad93866bde5c189f3747a5a864a84cf2cc6fc23db7a76835a5ea62222dfd616f
1961.txt,1401,b858a5f39b19c69c686eedd1b67608aa3d4f52de664940c4d82fbc48abeefc5b
1962.txt,18212,78ed26f574f1283e9f6ecb2388f22c8dc849aa133614ee31d8d5db8697d5a36e
197.txt,2022,f0ce8eca9b607823355883cd6a4fc766d8dfc1af12a79d17f3844378ee4d9aeb
1970.txt,37686,d82aed02b90406dd08013ebd78bc6959619f0847792e55601c259a154ba409c5
1972.txt,20779,d53c13876e9054d904d44fb9c419b0308f429ec66ae870e52498208339a41c6c
1974.txt,25958,f2b64bdd40374569009f4b9813ef39798e87070aa0333c8860c1ec563508a1ab
1975.txt,1778,2687ee55afebeb6ba127a10a239f31657b27a558bd486eefcdd5c4cb2b54f77b
198.txt,3494,366a6c2dbe90e1a40399a959c89238cb96864981b7dd73f14e46693c729dfa63
1980.txt,7812,6ec7c87e2c9b7c9dc023e96be93e59f595cf7dd6b4dbe850222d7204adb2208e
1981.txt,11942,01b96dc7ea6eff9ec11fdeec7c8dbf8e3f4d737af14b76b2354b6f9791c37e7c
1986.txt,17270,49a5ae539fc00aaf84dd5c88a7716a312eaa4dd76d8bf780dd685cf908f87c66
1987.txt,816,eb9bab797bfd7a7116b655523dc1b095bfb77cc48c0cd1d6edeb8182c5c9659e
1988.txt,18431,afa8bbb9166bae17031a6d4af7c310081186c90a105261fa0dc863b26133668a
1989.txt,71182,822ed4f467a6c674d701966ecf25064c2cbc18051f888c2a72753a40268c2f78
199.txt,2558,c226e296845227c1e3f2ded2416df4361db3c3b0f44ffb9c7352ff786d9d5d84
1991.txt,14228,e3d8e4504d6fa5cec59c0a2da86bed8a554c31f5af64e687f7ab9be3229118c5
1993.txt,40697,1eae4d5b23dce724c9468f8b301ffabde83937665d9c2498bc6858fc424121da
1996.txt,10780,eb0fb4e238f0d32e923d1864241d40d7368c275b83bb56173c4c6254b806e85a
1997.txt,14714,88ee38f78235712bfc9e68dfa0ec961349f7905407ac326cf8d6146f6bf6dcd4
1998.txt,25718,f5ca19162430c4163ad3baaaebf0c335061649dd957d68cbba72a3183715b81b
1999.txt,756,f3f40b9bb4241c85ac6870ccaa33e57a88d4b2a6546caf22590c7f776c1acb6e
2.txt,4353,471cefe91c341556d266e9a213b71ba7d66003cb9f741638dfef353d66eea913
200.txt,2718,1e5c5540ccf393ce1046a3b91e3821947dae8159ab9307370c9fedb2e91ac374
2000.txt,56112,a3d31ab5b0b817b8e68d47188f35203414f29496522dea4ec7eebd0b3e20e7d7
2001.txt,43552,4db1a4480ca9ee5cc5217965f12058ba58767b03ac493387d088d10aede4f07f
2002.txt,16547,99761b779730038f8955d3ad96c6f9d85aeae66be9e8b949c906af465993400a
2009.txt,10863,ba7d7ca725d50e647177c9eedb2990453e1cddec3496d3c6243e35c069b87182
201.txt,3435,33f9aac3edd113ee7f11450a365a4cab443ebfe78f16759fabe537659447f98e
2010.txt,26772,af45723a38893bfe5fe592428c7c406a2edc22cee8631c4ae672865317444b72
2012.txt,18141,ea89f14dcdd0bfb9ef679c13236d381e6226b999edc08a574ce04a3847f22701
2013.txt,8302,4c5efe4db7a0ff8c0e12d205fe60eb6ec908e1a0cc24c190008cdc5dcffac782
2014.txt,7962,21fd8a1b9874ecab436e4c5421c2b80c3b3889e16e81ffab92a10a2674c13598
2019.txt,11815,b9e0303d321336050e80ffd813fc398fe5a075ccf4347a130fad5180e7d76be8
202.txt,1037,de93a5e032e642b72fed57032033b4de079d6d9ba3700eeab2b34d1a5f55bea5
2021.txt,16785,b451c549f73ac4f175a25f635b38044dcfbf12e03fddd44ad3de75fb525dcd93
2025.txt,4466,d4532a8c0ed42a23e10f0af57d27e5b7c593027dafea8f3aded79ae68f52a608
203.txt,3400,71720f971b101164579a17235088fce284bf6b8e7db5de5a65110c115afca6cf
2031.txt,8556,5a21c42c890658623ea5b2582f09755501a11f2b8621f8575fde67dfaff44dc3
2034.txt,15169,e860c348ef00044fe574684228c56bd064e684d6475c738f5146b1cbb376b842
2035.txt,33444,13847dc3d1d26eda95703b796f6873df9b7513369d74f4caf3bf0b13c763a032
2037.txt,2264,c05d5040b167eb25bec2ee85626ddb1c4939c916ca176dd2fdb1265f8ad67e32
2038.txt,3558,d97e44fa1b306a3326d27950f4923dbdb7ae86687a42a758c8a0e114dd3a97a1
2039.txt,36440,cd5b54e43adb689579f79427d02857283694f55a94bb8fd8a8035f9009cb0ce9
204.txt,453,4c11fcb16d69f0c7e634cffc917fac7b304c008e5b96e490885258612788bb2e
2040.txt,21619,a355a517ef776a8fbbd1d7f56e92c1efaf158e728762a82f91be3662c9658d37
2041.txt,10926,e39aea8ce614ce76a680e707fe12b8de0d75b09302068d4bb96a590558abb266
2042.txt,18820,f7570e9f48a783f77349f31af195bfda8240bcb66d027e47eff50210087bb79e
2043.txt,717,aacc9f5866168c5aee2e260354bdb4419c348dd7a3b75a378a186a9b5abe0ad0
2044.txt,4155,e8e14f67fe175d65ec3b94da82dc0a5c2b14d2434fdbcedf615166915e6ae1ba
2045.txt,11690,aa1bdf9d51347cfaa8619830a482d660bac7a73c49ec649d0084bbb962ae5e99
2046.txt,12062,d97172ae80f8afac89b0f33bd573dd456304a327333db2d019070b4ec33517d8
2047.txt,9949,4a82e231562cd93824ef6e5236ee61e278bb0b2059533d9e253754d81708d994
205.txt,11561,fb24191bc372b04b9f21cc4ce5369e560fe470e4f20b98241bd2f20e3838d201
2050.txt,8299,b8c57d62830ce72c4af5c9021816eb6cfd91fab2d439f31e7ca39cadb1f09fd6
2052.txt,16347,1bf35fa7737a858f5539f5c2aa48c5d5a64cf79860507ff474fd9a21db65455a
2058.txt,16224,df6c0530f5e7260798654028eae7bfd0f99913e809a8ff33b954a0c4386c390c
2062.txt,10444,b4e674a0249772b5066f1715fce0cbfdd2c52e556a42289d44c2fd8b2b80574f
2066.txt,6645,42ec0136c3e624993859eadbd5c7451850b86061b049f692be73262765a5b8be
2067.txt,11584,139432673190b8b7f4b3e541a4bf66b4e8614f521fab52ab42a7870d3ae6c0ed
2068.txt,11175,95cfe2a44f80186ece1168c84b08423fdb94d610b82ec313965bcb41a8d3804c
2069.txt,8978,649f3d345336507181a19201c08ee95eb77e11ba50be4c3df612edf5ddada922
2070.txt,7473,1e0deafda82f7bae9cdcced7ff914d9eb502a304da07276d98efcbdea883b45c
2074.txt,17940,bc0a1a357aaf079e92838ae267f4a723d0bec76f13ae46d5bf4e7ca690c11cb1
208.txt,3831,702b9aabd4c256860da7b9543cb31ef660893fd8073a9b70332be9eb8e4c3dc5
2081.txt,8846,a9de33d997bc824d389f008a4ca682b15f1e3911e2baedd9b30e2a7da089f9a7
2089.txt,6860,f95262a0425c7cbe69ff80d5cd77886cdbd5a812b02dee39f7a864b319dd912d
2092.txt,4277,bd22a1591347c1710531bc777f5ffa627645c1325f29c8cdb5a956d531e6942a
2096.txt,8962,8d1c6a388b31ea49da9da26b1a5b6fa9ce1f86b1f1bd8750ca92abecac56cbd8
2097.txt,38610,d0c4d2ab8fb608a2977af20aca60d5a1b513f562a61e72bfc9b15850f1e0d9bd
2098.txt,18636,030b3835edda82aea3404eb41847e6288b0958819256cf2335368d67ffd9e90b
2099.txt,34274,6d7119e3966680cdffaff9a183a3e60009314c4d5141a41fa3483d000f02078c
210.txt,647,cb5e703fef84c10d8c113dc1d934b2c786b4fcc4d632b2759a4080fcdf0caf61
2107.txt,1824,22e83ac2ca4d2c3686cdce475b6bc49a49edde180c3270a2f7522aecd5bb405f
211.txt,1950,cf46f7cd28836adc93d5ca3eda13622cc9a57110fdfe05c324c5a182a4720e59
2111.txt,2044,55387c01acf60204f30718d74e3de7f924947c762fcdc8066bce546e1210ecff
2112.txt,3390,05e75c4f3ca2fb44da8e7d03b74cced06398f48c5c3702a5d6ab2b138ed5f550
2117.txt,3614,78f59f0da9299004a69eadb96b522cf287e1ad4a0689034ef39a1962c9d2c75e
212.txt,3363,e5d2cfc575a3824a574f5bf92b9149c4ada2dc04eb0b3e5e33a1bca6a2a17711
2120.txt,18821,e0180f3b3b65ebcdb2f12bc8a6e521d7614d9ee89006b4754c8885d32ba9a5e0
2121.txt,8944,04583442a60e1ae785d0dd9a71cc10e5c9c2de4be1d28e6a349219d14795511c
2125.txt,13683,0cededb20dc7faecb543e2f1440237ef5bf64c4f238edbe78b7d62c236bcff5f
2127.txt,1195,460fbb04d4c5d9e8c6b5e99c34f8b240bca8494525716e194da3840e09997060
213.txt,4985,048e77ac72a468aa078517da0f93a1610506c713b831546d41da356fc776d8a8
214.txt,3096,e17fd0e49a1e5504d746a513d4fab3cf69a5311cfe56b334438c8cabe0df1589
2145.txt,7962,a7fe6cd2e927d12d25659a518457d336364b8eb18d4ca39ec1054958ddc46a64
2146.txt,7771,7fdf360f0d4bb63d6d841ac8dd3188d00f1b5b1088ac316a2b430e991cb497df
215.txt,7356,3bf018d8df732f6c6f7e66b5e618d8b24f5ee8f6b207cd359b613a989890682c
2151.txt,1944,d84f023f5d43961f1ba168c6d3fbcb95b14eb6cff22a694add5c2e1418862445
2159.txt,2500,51ff7341f60274ca0cfe406d8012c999efbfa483d3b838fb221914a3c84138a3
216.txt,3918,491f65c38763b2dd5b4ae144ccb6b658c5fe84de6c87551b6fd75a3df13dbd77
217.txt,2438,285e0950965dd4a50780e6a8ecab508f3aa9c924a6672bd5e29f935498ebf843
2171.txt,3098,2728c34532fc7bc41dd1c9a1953e8616aedf89eed14f0f2a55ddd1c792a6ff58
218.txt,1522,ca8cc97bd2e2cafb508d75f12ba857fba50d890e2cb930834ec966938390a450
2189.txt,2210,7c7055fba9078b94eb015ae5a0c3e8065bdd5985f9221779b0f8a5d18df28d43
2198.txt,2929,b3d70d7b1083737d89c1a73560a0d2a9a7344591cef8ba2638901fd861c3fc6b
220.txt,2189,adc86d1495350911b5b8b2b699b4dbdb92d604bb672475b834f0b46682a6bda7
221.txt,3838,f6e7145d5b48b6b7bbef16780b31722c5a802a9a7ecfa7050f072907e2cc3ad9
2210.txt,5698,4f22a96de77ad8f21df966d86ca5147f4d3f832cc9eba359b4b20ef191e156e0
2212.txt,5514,c96679465fc092f891d2aeeceac59f0f25de9295ea90888f7852825f06659010
223.txt,6346,6f2db6b4795331230a3d3a7b528de18089aec0623564a6bddec076c3a448cea6
2239.txt,1137,6c6457a0d226b03454da9a276b4651792bbcc07b68a8fc960943d82b2367ced6
224.txt,2763,ba43f94821e133ee9493ae421f2465bb43c85e7ac009c4776756cf250fa837e5
2242.txt,2637,bf1536d1d83c882cca50430e3c0a0e99ba80ad2a9eaa43ab37619015ddbfa503
2243.txt,14882,3be3d618481b7a0915fa5864e844add18fffcd544de7a8a61960f08756690d76
2244.txt,11543,f340af18642f643ec47d8aea10e962184df49d8a6304730a8d1a0c8cc154e2e9
2245.txt,16303,2b69b572664e6b4aa50dc119f1e829d0ca3c578bfdcda69706b01606987a58cc
2247.txt,5518,eb38eedcacf2691fff133e268d7c88f4a9dfffc757f707df3bd56e16e5c46a59
2248.txt,14165,5163ea766207d8487d1636cbc68875f3c1aed4fcd7cf9ebe61ac188742805204
2249.txt,11717,cfe231711eb5ac81ae8b5b7d875397a8d6ab08f88aa0510e267cd448d308329b
225.txt,3025,6d1a57ee6dd86d87aa99a4378cef608c433b2003756a2614f6370b6cd9149ec1
2250.txt,7577,915685153c3b8a21abfadd2cb462a35c6260712972b4afb1cc931fb2e7ef52ee
2252.txt,11886,20ff2a1b35e1a5655ad88dd61ad223e61709b5b2e76c9e0bb39af9d9da2cdecc
2257.txt,6424,7a1b5d6eac516b890704c1712a8a816e60e0daf211a2d4bccf8bbf04d9be76a1
226.txt,932,399766694460656790e2285d6400f6b5a24f35708db23b7275a282098417e518
2261.txt,20840,0392053b8bcc76e4629aae7f9496882248604eb437d27ab7868cba2a0c1c4704
2262.txt,12378,2e4e1c15f081cc6ff7c21651791984771dd02d5af66fcfeb4159e3ac20527f13
2263.txt,33912,aa4a08730120f97d61a78b288aa3a0ec2b4c5333cfa8c3316809381caf64628a
2264.txt,2029,2c048700666506354551a7bf4ab8574761cd773fced159ba7c8170547a806f44
2265.txt,863,dffae8202b3413ccf2e8896c5e2ba0cf1102732b0b3cc05716e3b11a060404f3
2267.txt,53219,74caf9ac7de23ca4eeee92bb522169ce55b7cf58268792ddc0a0f8a0fa33715a
2268.txt,25848,6eb0a215d613b9d90cf8bb97be3b8b4b61e07239a2e502571c05b8a77509320c
2269.txt,3149,0bc8802a7d988ffc0f418b7d6651e4630e6964313211e2d0def0e32e225a82b6
227.txt,3577,b78a7d19b5abd8e244cfffffba8baaa1ab8d45d18edc91acb2b6c8813014ad27
2270.txt,4829,372b9be8c99a7e96a53f8fb6f2ded9b29678048b6f58494cdfe98b6a29eec1f5
2273.txt,877,2961f5ddf0fbb89aa83902a1581b7563feefdc50a634b2e2b953028575d8d743
2276.txt,1109,89cc47d03c96da70dc6490c830fef4f2dd2e23bbbdde97d1a421b25f08187c95
228.txt,14738,956583946d4133a753dddbd2046c0b54ceb66b26c84a31b0fad7763b88cbebb9
229.txt,11877,9ea475312719c84145aa290355b379b026859b600a125be2592fb62c29a058cc
2297.txt,31266,b75ae2436124512069ccb27b932292d63d8baa7362145c7f0c7e6643997180f8
23.txt,5614,428e201875ecfe5dc22ab665eb1b09ba9039f4bf572a99affa104ffa874927c4
230.txt,2813,ebc328f34574e84d7bf7318bd2eb4af9124da332b09e141a870da85c662d25ad
2301.txt,20244,de28a4b98b246a22b6299b3db9f4ff011934ea84069af49e5390a717cb835047
2304.txt,1651,21e6f9ebaf0dad9c0aea1fe372234cae05befd6ceec5d7e6c1ce76374eaa11b8
231.txt,3989,0150d79cd728247dbceb94406b05fe3cb800db20372791647bb7757c0b5cc5d5
2312.txt,7572,42cb5ae9ca2c76700d467751395cd586c1fc0bf3510ad8a14dd24f635c92fba7
2315.txt,355,1b8badbba741ac1056ddd74ee393063b83a12fc6d96e2e513fca282accf8c0f9
232.txt,4840,a97f0c215757d6fc1ea2879bc397b6742f5f2846b15e21ec14a94b216244be90
2320.txt,10997,f17823635ee377144112f4f2b3c537cfc5e79b43ea17051e32b6e96397aa8f50
2321.txt,1432,120aadf79cfc593b752c47fc8fa844089a62cd8f5df34784a59b2055a57c92e2
2325.txt,6663,2d66e2f985654825c450df071123d283869e68ea16c757ed2c2f3a5528a6c36b
233.txt,805,e46e2d3ad41a985dc863b1dc3aeda8909bcf1667c8943fc35e62f3dd70a5e4e2
2334.txt,1661,406dbd97eb21e22926b9ca05b7f045eed468c5abce8a7bba098b97ad729052cb
2336.txt,11243,25bcc1b2b77a895690b0b235dc761f90ab147d73d46e25e45059d6309913c8cc
234.txt,4313,c7dd4b8ecf5e75fabd3b38013038b56d56f5085e8d0268b27abdd8b739622721
2345.txt,11421,f16f9d4d318bdd62b04a3ed84758e65f7f8d27d45be8d80da1e4a7a17150ff9a
2346.txt,9321,cd6ca059b5737794474b69fcf5e760d9a0e650b941df7c4d5a4b71378834599c
2347.txt,6130,f83cbecacb58fc3c50739407ee613099b89fec53a1b6dcca6ea90cf921b27bf8
2349.txt,10038,1e85ec2ca0167a5f5ee9f1456eb0ce73ef82a5b0412787b51d85325f0d810051
235.txt,7838,59c14dcfe792e9d98b2e8c0e29c7e858e549ff9d98d499d65030a251675b3e7f
2351.txt,1920,b588d5cebec8dee619b887cb25b0998d16e7cdeb42cb4efbfc7f97884d30e786
2359.txt,7575,ccd066564796b57e2a9bd47b08f48fc0b0368bb235823d64d3a4fc78e48dee4e
236.txt,5138,ee69ce5a95af4a973767edfbbd5011c0b6deb48670497bd1ff6cf1a3a98e9064
2362.txt,13126,ee898cebce474644ea2397470d65114f059812f317eb9f2762e5762eb6c2ea8b
2367.txt,6771,3f13581d5340d833a43d35b4069e006b7f5350375bf5d85fe9c0d782792cdc92
237.txt,4485,40da7c8501c3e3570a59beb2cc3d71a1a47c11f0d1d2603cb0bcd76baa8b3a7c
238.txt,9001,b87779c397bff34426ec43520bc3de82bdc27667876daa43007cabe215a22bc9
2381.txt,3829,54b6ed55d88d0de1327edd5906674261c62624e9602b11d4bf68e5e43e91afd4
2387.txt,53408,459d6f802a9719c3525d1d482fb03ec96565f46eb5df250d6e7c6c16509ac971
239.txt,3649,817a12c337dca5df64bb9fa8cc20ad2e35d974ecd191fcb37fa449921978a18a
2390.txt,5399,5f3130c4f164c6a9a69b56ea34b3671a1826ea765326c111e15f3468410216b6
2393.txt,25850,7d954bc953223f524d6fe2fb4e72f7e0cbeac7024cd550daf0627a1003674a36
2396.txt,30422,98c700fa24494edd7a55b34cc56d7b91a00d972bcfb931d23b4e43c7e79557f7
2399.txt,5531,e874fb0cf5e527e9365a8cc9f209612c3472f11e75bb94f44527e230f0385021
24.txt,3008,a4bc0df539d1be079e524d651adc39d496be625b29fc2b89f2ec861c50b9561f
240.txt,6017,7f4e5b151dacd5b5ce3164e8994e67841472a84f870e175001c3ea21c4bb7767
2401.txt,10568,fe9cd26b23c7b0c05954997d3acfe42a654fd00fd4e15acef76a5b7e49651e8d
2402.txt,20581,ce421c9f248f89a1095d32635c23d9d3aae20da9c8fb907c4a80bce040d37d0f
2403.txt,10159,7c8db87a94465883c50b09a24d5029e881017c4c215fea1ede0dd4c27bfb0eed
2406.txt,15419,e2130ab30773151d6a5f93ad9163ade25f69f95d7a8e413e23315792d3aef0dd
2407.txt,15805,26389b9218fb6e8803aca88f74ccb52b43c2b8be912057caf79ea196a752d199
2408.txt,4823,e2064f53237d8ad3aad7b4279384336fb5b0958efaaa30e87c111cc475ac34fe
2409.txt,686,5210b5c31b7f05494bf11df057ff72df8030700a4fec6606e30e7343592c2c8d
241.txt,6177,83861a2510809864186c1939d2c34ef27e3a9fd8cc4eece5339ddf83a9404490
2410.txt,4402,a4c039046795fc6437c4370fe389b58540a0852f8ceb1018dadcb5403e738c48
2411.txt,1426,5f8bcdea9146df5c81acead54999519d6c62a2c0cbe63ad5cab065ca0b5178d5
2412.txt,786,bb1206d05e939a361647e0d51a1c3357bedd811442d9ee157d9c9fe2a819f96c
2413.txt,1977,c9d2a14ddb3ae09cded08683c53496ff34be03ffdded8360915e681f2d20a2a7
2414.txt,4885,c432292fe058b37fd8cc9f7f7be8dae749f0de52c6174329b724b30783827cc2
2415.txt,18294,840bd34b6ce45a673ad912b21ec522d1a951b8bc9d445c05cad1a5df3d2ab224
2417.txt,13337,4abf1c341ecad845a28d4a5c832e225a14b06d7ecd039cbad75a7962765a8436
2418.txt,3181,9108aa357052e9365f29c89f662e6a36f5bc70eff67af20c800613ae42af9440
2419.txt,9870,94ec2e85c87a348c6ec5219ebd1a76cc9c60a8d47d0a7444f95159d68978c8a9
2420.txt,12048,107cd4976d4d62905f552a080b7bcb118fcbdbfaf5f4e93a60c8b76ab60c2048
2421.txt,6772,6fd379018ed9fe20496d3509cfd19634d1efe2fafaecfeff5ae2a312ebb9ea90
2422.txt,1272,b7efa2a4e8d6bd44d2d88a03d5bec8eb66bad9540ed7fa82f78b30816bb9398b
2425.txt,6329,4a116ee9c0c461de7ba761e43c983ade865b7ff9194d78e4adc34c184f387da3
2426.txt,14753,0bf6fbf4900db60d557326dc96735b4a880eb32d60b7c305894a8f334a4630ca
2435.txt,6777,07de87b66b4ebe69201a0fceca84b28bbce1a9c1d1ce2d55ed8c60e685389f9f
244.txt,18061,32843f5df2af8431a6c2e5c60ecdc7aa38d6a901fdf9616f66639f5d1fa0c495
247.txt,15167,51f454b3b545f3805db92b680b0184490655cd4aee085c21d3d0896e7ceb4d88
2476.txt,10514,b9f27f9ccb20d30c7eeceb96fd956a0f020a49b3b2ff146a1154ac0528b02c5c
25.txt,66435,09566cf9324c131b7254f6f87bf20ff65ae04da4ae07a45d77f77ea3d08e10b3
2528.txt,3121,02fe30339b49046f81050fb2721c1863c7336c6ed131df964e551d9c0e31d294
2529.txt,4177,7cbc05f960817ee96a10b38c148addc9dfb3baddb06679f46c3e6e85dadb64b0
2530.txt,9296,f16cd9a58393a2bafed17fdef3252a801210e21e69b86c078ac605f21b15a8df
2531.txt,5035,58bd0626c7d5102a59190a08a2703edfd1ba1357b2fc18ae78c097b1f0143e42
2533.txt,1027,24f6e2727ee29fcb82ce39e396694a335c4007172410c9f9e8c0e4473dc9d656
2534.txt,3467,5a456a4f223f22ffa3ac82ada81328d4af782bc8fc8e4027486da5a48a5c80c3
2535.txt,8090,cd7e88fc3e7e8b867072f3560c3b78af14207388b05b59e6be2a3224033c2510
2546.txt,7111,38fe914ac7a7df0bf51e270e69f217233aa112d6c1ea5e1513d8d1bdcbe30a19
2548.txt,2198,1c92996fe1ac9a6aa8757b40d4f34a2f39b661da567dcd6a2374c26a9f450dd1
2560.txt,4128,f936792dfd04aaf8b3499e7f742e376608c5bd626f4b62cbfb5d45148ac3b8af
2561.txt,10535,370e23d23c9cd7ed8e63db76b6ccd060983a22b8aea65e0b08af4d377b90012f
2562.txt,5507,5b15785afc78dbb86a6bdbae9aec7fb07a7f9ca1b31e0ca3ed5e43bb7f63f106
2563.txt,1027,dbb2bbfdd77d769748470704dc009d753aea80efe3f44fda82651bebc9f3b37e
2564.txt,4003,d927dd6db2096f0c3d8cd0922acf27ed0b3dcc7c681a53b953daeffbf8368fc6
2565.txt,22258,597ebbc4861a2ab61aab8df4462988ee32d54a65d8774f8fde6f4beb8ce78dda
2566.txt,2685,f4b38dd3b808f8774f856b4adea55a3ca5351e0963c1d4b645a18741a5562f24
2567.txt,2519,f57619c7ca942ed53ff567bbd829f4a200d2a7408eb7196b73725af4f30edd77
2568.txt,6107,f2cd449e2b1af3acdac7dc5c678b1abe0be3bfd4d2347439d350c0a42d79f303
2569.txt,10404,e5414fe1ae7d3bfbddf821b04190124a085c5bd033bf8e8eb4485e53d58589cd
26.txt,703,0f0e5c4c0ca46cbf13ff4c4982896714e083046d5cc55ebc040c11c606a8c3a2
266.txt,19552,b65081904e5a1517f89e522eed9d7fa948c223e2e4b2f43f2b05f032e2d8d5e8
2665.txt,54007,8c3fb1aea67759c61da753ad43d17ad79b1d471cf67fab54da611be5b3164e0d
2666.txt,39039,2e13ffa130235b787bcab0c3cb3130bb0e1ef942ea4c976f4c9395326066437f
2667.txt,7416,96155e83ab4f4e5b3d6c6a18c6e0df5555c0d0c4aae2c597bef11d3bfdbd9e05
2668.txt,8661,2a56bce05f1541e3eaff8af5e9311edbca716584312a4ead213835f725b75dec
2670.txt,8436,1e48f6dc023a4ebac34704d0ca8c621381cdb5e3ec97576674e9776c4a243a24
2672.txt,7416,8659a3afa10ceab280c651f21780bf4011a3a5aaa5657178b651c80fb21425b0
2673.txt,28787,f3eb903b958048ca93ac49548d70fed0ecccc0d0f04d43c38fb675548a999cd6
2674.txt,13418,e08054b44dc08e34b4ae6744e06a2867bb56c8e6e00835b686530f73e4c2a96d
2675.txt,4018,9855f9f9f2f5bffc1b19d00a218b6f80403e9cd07c960c480d3d7bb4314f3869
2676.txt,60029,7528486bae1aad6874c7c1f0f6cbe15533ae42d50872df6273c141acb30f43e2
2682.txt,5237,a8614e25e7ab2cef39f300d14697c98cd31cc0f502551c81f481c799aef88a20
2684.txt,3665,737097d61c961fbade9e066c0a626292d7d913d29faf448c371b0245b5433f97
2685.txt,1556,95d2fae0ee78f32ec413849a4a84e4a84046d3592688031fd586a4cfbebbdb1a
2686.txt,979,ed870bf87417b4e44ee57f74ec5e9258498bb1f362c0c6e985092d53687c0b13
2687.txt,5926,c2c8eabd0fd2471f0428093b8353e1c2a7d9fc5ad84442c59cd323bf44b5f501
2688.txt,7060,34c225c319efbec1c520108cf956cee3cbafe3db6eb495f09db1735749d961d9
2689.txt,2251,7fdf98507c461624e5e15628d9fe03b291d9d92491a56e9545879d1f046f9428
2690.txt,2663,075646c8e80a3398bbf2062b0b0fa2e5881286fea075e8d703dfd2a537d9e8e2
2691.txt,4659,939bf9eb535f469fe027573f82a5fec2759834c8d0324600fd2e6cb47133852d
2692.txt,8585,ecbd9c1ab6f0f48b82138d52aa717214981991d17f8170c4db9f961f4dc58d84
2693.txt,524,d527d0056689d7d4efad014e0c60004efc274dd87bd730de47b19380a148de13
2694.txt,5062,6ac534cbc935e0997c67930aae6c45762b355bafb62e7934fa011016350419e3
2695.txt,10279,6120826332012b968d4006074e916d8426060dd8c40e95e56deeb7213b1289c7
2696.txt,2799,d9502f9a8ac896227899ad1d5dd402988b54f48668898fe40868af57e02762e7
2697.txt,3087,677fe28e18e298a95a45918fcda7ec0bc80d22530c86661086110de8a63d36ff
2698.txt,2873,2f8e95d9bde0a38a7af7453bb2d51f4c35304e0b61f397fae2002994b33cba07
2699.txt,1760,edc847e315eae357bb4406877d4da26dd154ddc5d5ad0b1952b8623709aeb5d6
27.txt,4836,dea38b6ba7a9a885093a4e1453aa7a3bfe1ee99b0763c25a2bcbbea976dd07b9
2700.txt,2401,661658a592a331266f054068b9143541615d0bcc14f4788973cedef3d93e952e
2701.txt,2261,a740cf1c182ec0f38e7d1e408700b4f88d476d7bbb9dbea793cd13c7bc4f896b
2702.txt,2004,e5030513979b25ed02277685da502c2637ec74eb193197e03ceddfbebb5132eb
2703.txt,5701,ed31b1a58ee5f7d35fa29528bf2c055d1ef1116ccf8e1ce0656e25e7c985def0
2704.txt,4481,3c6912062a503779c8ecdec5099a4f43d7b44206ce63c53be1349e9587175cd0
2705.txt,1634,2970d4586b532bfd62f8931c39c0e0f5137f61fd63aa304978d1b025301f61a1
2706.txt,5066,44eb6fcc9ed6bee65de52ba0dddbd17117457e0741236fadd338a6513de8a247
2707.txt,2251,7fdf98507c461624e5e15628d9fe03b291d9d92491a56e9545879d1f046f9428
2708.txt,2053,d021d6557e332233fb258a5812a60b3d2a69490b25bf05b80559dc2572cd8c34
2709.txt,6784,0570e015e74eeb7266445a592df8ef7b07c388a4d37a0955fd9dfa7a7d1b7508
2710.txt,4385,fae59ca628f0a32fd7740d49e7457c93c03f55b6513ac98d64dce2219294a4b3
2711.txt,41323,ea0b206d1c7b865620f9f886fcd18dbe5aecbcd7170bbf7c5a4bef331837b650
2712.txt,5620,5f3321be14ce6476b3691a8c0dfdad4ee3587a7ac08af56d87c31aaace633948
2713.txt,1778,9f585cdcf74b6c4ef51336068c93237ee2f70548dc1f774adef09bf4a39b47e3
2714.txt,3882,3a84cf446af99d12cd0a8829e8358e4d3482892797c6de321d013e613ec9a137
2715.txt,1542,652758022f1e07f4c0c6dc51db592650b0b6d6b8ed0e4f353ffbf22802b25e1f
2716.txt,1675,c34fb0aba51a5303732fc562a893e7247bb8a620d1da16152a76cc40c5b9e4be
2717.txt,3209,1b406bd4ad219ec12b10896e76bfb52c4dccaeb5313cbcfd5f05e0604e610263
2718.txt,6620,c4cc0cd63b8d95f0e37a041a1de85017ee9f9e8057d1cddaa0da650f6ae72363
2719.txt,6441,b8c79bb2394e189ae5a0ea83176da4d9f5926a978c53024d59cff91e0b35a11b
2720.txt,9068,f9af3183d0f48ac98318028ba01c6813390786c93d0ffedd907fa66e6b89a292
2722.txt,3770,aa436f8aedaee8a05f7cba231fec4f9a4caa32bea973703ea233aa7d2f3ed848
2723.txt,6467,05f6c05aaad147f6f3d3261a7c897a05ec643618fbd7cfe21b2282360c42b3d5
2727.txt,7120,f427fd71d1c92fc87945e3a8b0d243ecfd5af0f1f3e54afe35192098f5b0c5e8
2728.txt,11533,192d4779b62eaa7d2647eccb22b55f9af78630b5eff4df80279ef440521bbbec
2730.txt,17821,002c4252c875a4b587fb785f5983b42b66d975b18682b919f0107376e4982fa4
2732.txt,5928,4fa593c95f2c331d5645e02db63d813d7e7f638f5465ee76a42b1fda124fe5c6
2733.txt,103930,fa3b98308e7ce6ebda46f3e5e41a4bd6d34cb92c73b344303ebe51c9227b246d
274.txt,3906,60950900e5417106e4932f841792566cd303cb1153139035e1ba8daf43b2b234
275.txt,4543,45f365e9cd65e8f0ad85b006aa686c51e39a476812821156b67ea0450047bec8
276.txt,16179,6c702502260e3cce23e3bccb6126c68a6ceea6ef33fa69dce939436c67b746c8
277.txt,9881,a2cceadb91e6e9222b72f8ca526307dd2f62fec6146949b1a188c45fe584bb27
278.txt,3026,9ccf67ef52d417ac169d38d1170f1f28d7a3f77b5302ce5f27c7969f8b5efb3e
28.txt,1366,2441ea2aa045a7ad03dc32a3689b71d6de6b041a3c75534dbead8cd86c6552a0
280.txt,16144,7b43b2d1d270be777ad67f3882525e0d56e1582e0b2e1ac20c4428c172e6b82f
281.txt,23100,f0147153b344e56736df73d116de6704235c5964a03e82c22a349f894ce0142b
284.txt,52364,5eb859ecfeef23931f24bf4f8100bad9a5b5fdde8974566421bfa2a436b99993
285.txt,4640,aa13778fcdfa606d65e0af77a66fbdd29e8ab4b0b77990956f9e6a4b6f10937e
286.txt,4662,69f4777101e1c8d04505af34c5f8954db94e519a2d0c430ed7fba996106a57e5
287.txt,2774,9a68e66918d470c7c571b7796775f70435d87694a79dbe998eab24da6016b033
288.txt,43996,830987c73d7d63a59a0739a72387f651b00a4f850c08e522a8fc1b8fb1905321
290.txt,2462,1aa38dd368fec25fa483e9ffac01cb8a21a367331778a4d795bba671002b444b
292.txt,8963,f86649d8d230efc7c542fafd3dd1d9cc59ef860855705a6f7b0850bec50e9d7b
293.txt,3006,7761a44e603004776ecc9cc712add2c5a84177f449fcf6bf6709c81bb1fac58b
294.txt,8349,5141b6a97354d7514b7a98ce81992725f8dfd8737b5412c9a62ebadc3941a4a5
299.txt,2300,b77132c77bc2bdaeebb947aa314f54d7b69f2955d5c7f005dc76c7934b0d3ae0
3.txt,2773,62f30530a728f83e58277c0e79a434ccd277a6129150b32e882b06df165a14ca
300.txt,1127,36ef21bb5e1bc8c5466fad1e5547bc93575e6f84516742aa863c9cbb2a98cf7d
301.txt,3471,423e7b9e44230d8f188cf0b3f8936a0c65ae0850a5169c9c82c41bbbb656e0e6
302.txt,6162,cb3942478bbdc56166c5afdf6a1f64dce938505830e236aa1f2b931424e93d01
303.txt,4095,bd8f6d8d225ebb664e9b1b7e7d8f316b19a471e17703b6c588b369ed8f1f1bf5
304.txt,1864,08841e3672f89df9a011bd59f71a501f67b272b00be5805281696419d04d11fa
307.txt,138927,e4fedcd29b0138e149445f4c7d13ea541a24811653582e3ebd18121d02ad2236
308.txt,5716,43b08650c49b1f124c044dc01b5b057fff6e8653a581d827460dd148808b914f
309.txt,8287,eb2bf80980cc26513ba7306504686b718a3cc950e3579f3cc3ad15c4236daa62
310.txt,3684,c3e2db7562efc2ce8e67bacec18ef734ea060522e8b7f58c772ef0e34ea39f02
311.txt,4188,48f0478abbcbdf0ce54cdc8968a6084a97e96ec365d00e1ec5c326de27d49774
314.txt,1238,31530ef07eb6565e01c0e8cb22cd5ade3d95ffdcb16a3997ceb977ca3c338680
315.txt,1673,585f68d8315860e7f7342e37a82cf255d0e9a28767eb4d8fca1ed9c2474b959a
316.txt,3217,3c17f6d8f98b00c16d16f4cbbbda7eaf117f713b807e80264fc7390a681f02cc
320.txt,2382,7379b477e91b892eacfd0efb2aa020d623878a7eff2738e390073dd2b5730df0
322.txt,8552,4af787f5c8897b0deeba86a0bc450b8fb1357d5777768df4f26d61ce052aaac6
323.txt,4421,1e4899ed82426236a1423e92a2ae2628042e598c80c32d101aa874f0432b224e
326.txt,1584,0b8a1360c19db1a9d2837ad8663300619ceb7e024195ec8df9be10f856a22b41
327.txt,1873,e8293423a57ec0624c66fa13c181ef4c50669a79ab1b725a75f57a4f24a4eb29
328.txt,2365,0857fc44f142a8f9bb233a9daee652131796f1dd6905957621e30ad6718e3a51
329.txt,28551,ec89daec18e34e42832b94847927db5a13e340a5c9ce947e2f9495a8645bc967
34.txt,4791,1be52f378c15fb6c26e12224250b2415f7ae3fdc04ee74a0d299ca333ae23e59
35.txt,4791,497f2ab63de568c3682e1f2112c57f2593e19c5a84ed6a87f4f723cc96f0ec75
356.txt,6603,f26e13fbc4850d53d85db847b7cff2f813a5ce95b1850823eabfaef1f0960dda
357.txt,1740,0111024f23d3309e14749cb8b26861b3ddc0a7bcfbe79a0c283be7d9741a3052
36.txt,14636,7959043016b6b4a513ac277162c61ff2bf66ebe501e195af6a3296f0c3061a58
360.txt,10776,c9590c8ff14c83c19995d0a2b547908110938d9af8a82e0c9f6ff9a112602351
362.txt,32135,6b86c0d033cb654208312f72933afa7a174bd0b12da19868ca71111af9434813
363.txt,3066,4ed06fefdb84de75088b34f24c3f212da3794256b57cce1dc9b917e9a2b0e125
365.txt,3494,fb4607f11767388a1882601118e337acd51205f1e823a560451776a8cdbbfd0d
366.txt,2019,e002cd18cd7bc2cfa3398b10109ff25f48887474c3d711cc72346ca0d3d9cd03
367.txt,4164,94445aa5d64c46ed065de4aad56bee5a199864a7aae6a723a338f3a2df492a14
368.txt,4089,64db70cf9f1ab0d2e5352d4f54a1d9cd30bd395bbfcd4bed7a71275d68b1b915
37.txt,10028,ad748a9ca666865f563a4ec2663296339e597160bb6fe457115f4b5558ed3c02
371.txt,3920,2fded31044be07157bbf4fd68811c3f02cc46583d668ee165046e482a22340d9
374.txt,1923,72cc5ada5b87bb3a8b71ae5b8a5a249ca7083ae31c52339a128b82e5493315c5
375.txt,6785,fec5fda6f91369e0e2f49d46dcbb5d2bc57c5f915aeebba1d38c21f3c035adcc
376.txt,4495,65dc700462cc48c7e994124e7c140df5aab0efc46a9b6e869f7f574f3ab3bfd1
377.txt,9530,54c4955fea684fc5d38344debd2d9d61c75852a2ae7b2a0ff02d9a9bca854bdc
379.txt,4506,e250c1dd3fed9b4185b2962153f1bbf397d6b470a36f8e4dcba5bc489610e514
380.txt,4481,45e3faa9163c94beff2036da8f840a1ceddb3e6afdefea9959dd5706b09f0d2f
381.txt,4489,440f94c5367ed50bf4df9e0efa4fb2865fac9855b7c6c429d9a758fdd6b65344
384.txt,6811,d868884800e4a2451ef0758b76e691b2bea05eea959183ce8becdfde2e060d06
385.txt,2787,8f7dc4d37348957d592d7e689795a65a5e25d10e02daf89d6da5f63295d67f00
389.txt,6512,9a246559ee67aac32075696a2b6d62b4a14125c3991e3a331907849e63dfca93
390.txt,6518,155c32d3ffbfcd700416fba95a10c63c550be81440f9880b7158c9038198019e
392.txt,23075,48086809c5c21bbf5a0b2ad5ba5c338c79544741f44bc34442fe86c4804f3605
394.txt,1875,f0f285d7ffb113580712e7f9520c3fca18213c9d00f9b7db3d31d7d0e0c59a68
395.txt,56775,e545a25269c211baa4bca5bc83e5440fcaa7cbc119a68916077216dc189d7e04
396.txt,4442,a3c799c812ff0c1a67a199764d166aa92f7e503883154f92ae69faca04eb88c3
397.txt,8714,d986f8513045df75be28a11d894112b0db9ba61a17194e9eb4785efb90c6ac70
398.txt,1708,a8da779eb6fb2b25b822d6c10a533ad69a223e7916497c7d2dac149697ad3055
399.txt,12010,7c9d0c796863bcf0755f89d6ef64d9b713e4d04745a825f34bf3b53d682fd97f
4.txt,2828,eaafac9e0f573e113cdde72b5be1432e094cf040edb8a27fe2d936232a245a44
400.txt,10129,6fec607c086cafcdad7469855710e0c32518305add46c2cee3f8e5e76bdc7cac
401.txt,3527,3c9c6a6a12ae8283e590df92dc4b5a12fc5cf31791d4248f5a5cbe52d24b5b6c
403.txt,5083,86ff4d0128992248680ac60a516a3cf6e7d66a77ad3c53aa53e18c1e54b47436
405.txt,9850,3444706e8582d6ac248c5f71339b93b04fbf8ba61e89dd26c0c515c1a0de3617
406.txt,8722,30689b77509da8150ad2b8b5d5c5860ec65cd8ed86b7adb6c338b11293d6c34d
408.txt,4949,86f484ccb136aa7f8892c5b1e0d805b76a343ddba14968dab44c9478b91276e7
410.txt,3596,7319dcb9e652df908c8f57732f6b054c342a1cc53426af529596b52184bba035
411.txt,10550,96c75ea263b4cc7be964381dde44976bf5b5bb9f404b2502d6f33abf840215d4
414.txt,3391,cff37af62d3a4f7d0924b260a088a7bdfff746aa02f0edb0a59fc934021bd6b9
415.txt,13218,e678e2b8143ca227e1cf90fa90f3ee0e9d994d64c619fb57f6a2d6aede548d7f
416.txt,8326,11f4e4a187312ce35b12bb5ee0ce1c6c23c60d4fbf8459e50e7df4bf6d24a631
418.txt,48518,78ae01bdb185eaacdb2a0e7268ede578fd0dc422642c9c3d792bb7bc2fffcbd4
420.txt,13621,ce88cd104796153fa07994b2b0c519dd9d47a0f71bcb4a02e46ca67377233854
422.txt,1271,aec01b43ff8739d25579f0135f02d00fc8aab0b111bddb74220a5e5a126c8ec9
428.txt,1294,142bc8be70e5739885bd00764a054a99a5da60c645812d86d9edd4d6a3a48374
429.txt,655,5ebdb4cce5f5f918e16d8f8b2bf01ea9102f26fb11b2b35465e0456a76c1d959
431.txt,13184,6a265925dd49084455ad4886b205d1167c4cc8135d7e39cdc450f558320bad5c
432.txt,5463,afae04f50675ff4065323370d133074e6e87523232e446ef99ff92db5ed932bc
433.txt,3753,84d6a2e2091995b3999d5007f1be91dbfe9352a2f020a945a7913ef623f3efd9
435.txt,7349,1c24fc8d6d79f32a2e21b00755792bb45fcb36cc6bf56a9285061db3b7d3dafa
436.txt,14083,4259d22159788211df0d8ba609dc9c1663a5ca05124c168db1d33e4befee8400
437.txt,13562,e71948885e84135cc0f53d3d6edd5aa111f8061745c6c34aa6a8882b8ebb6611
438.txt,6226,45f9f08e6249a22814619cf565ce1e43c3a5f445535232aada6e2c4acf5e6cbc
439.txt,12655,948c87e319e41b1b9c27181cc29c3a4c198674428aedbaa6dc55e3d963d2060a
440.txt,13059,b516a68f19caed747fa8031036450aebb5046c8a65f184c70819599d4468f4ba
441.txt,9635,ac0c19248b77b266743808bc0b820457e859fd810ac34190707a16201387932e
442.txt,2791,92ff27295faa538e935148fd222a3dcb387be4f13313dc749ce1d0f5290cca46
443.txt,8658,63523aae24e8be18c9eb5d51e85bc57a7f894ceec64cc878854157f0ddaf99e5
444.txt,25545,9eb777ae6998fffe4affe5db66d01e66eb2f707be94b67f0fbca0511e3ea1816
447.txt,9379,f2309e06bdcf4a93026ab440c8a49fd12dab908d7e9b720bf8524943f212d949
448.txt,1954,210071cfe2e9d0e21ebb8a444a98565211ad61ca5834a69cd3c0ac327a63b939
449.txt,8980,57c6b80256aa67ca29d76685bbd7a3b94e47cc9c741f1d05773140a357f09e29
450.txt,7455,fa291766fbd2ac2a66734905f552c764a4ff82a566a9b274564a776bbaa1efe7
451.txt,4567,5e4de18c5f8ab5803a5ff3ce10319ea1965d9a0cada457204bb5ac70359f606b
452.txt,9689,6bdabdeca032d927d82f0e742bf377ad2a766b644997ca38d562a79df446b424
453.txt,4478,aad6de9b2db28b85216eb8971a2fef09eb9934895d700e8f72d1e7f329a07217
456.txt,7272,8460f1213c94fd4972fbb2f71b08835c4f1a53fe7382dc2d87ed613843dab910
457.txt,54001,9167811bd0cd73f5445f56440d7ba25859cfcee1aab95f50befdea19436e51ad
460.txt,3103,c4a46b6d04f576c9fea79b163982652d4692f24fe233b79ff67e03509775faba
461.txt,7704,863f71e7c235513cba95e2d3cb615574e49cf3661da20bc7719ca09ba2ef37e0
462.txt,3896,727c77228fcd85513525b641e29fc629073475e6c2a9676f946fff8fb7d5fc7a
466.txt,7040,306bf922c020d37a72b4f416694a551816cdd111d235f50bf3d05c6c373620a2
467.txt,5357,de3de1fbaa37093b2c670d507ba6832beb4efbe515a6866db23eb2f4a33425f2
468.txt,6483,8260f19cf18aa6f6a58ef0fd7d8448f88fae0002d03d29218ce670fc751dbf76
471.txt,21803,26f54f54a5cf8a02b658a4c258a52ceeea5f2076463d0a2901a61efa2b62f1e0
473.txt,66698,2dfadd510a4ca2f56d081b60c682433a811d315b7940fb96cc752a82e4a5c2a6
481.txt,20922,03f3052b0df503b35fb8ed5238874708c86966e798602e3c2a5d3d888bb4bced
483.txt,32216,93c18a2634add6769129cdb502833d48e94899a82f63fdeb47acbf894f3a2036
484.txt,723,f29fd5b3b916f204eab3ddd51ecf55a9547032d2dfef029dcf107bd88ab26748
485.txt,58134,12d714b122ee526539fc32411fe37b0b98c83459d89a752d9fe3a0d47f268939
487.txt,11165,2c6eda2e640dc40c044a5133d0ce4b0828ad1d72719b9854d1252061538541c2
489.txt,10817,e6d3f13757ed4e7b1e18b3f87a7a83d4e62b15c24dabfebd6a4cbe71c952aab9
496.txt,12950,364395b69a986c1759e9f57f6467592b6ad5783c8e65e4a26094b9ad50b72e39
497.txt,4878,f837ddacad7d9576d2eaa4f076ca9edca1f5622bbee1390b1bfc65e99975beb7
499.txt,10347,a1fe5aec8ace880b781a2abf48410d461f99b1f85fe50c80cc43c7d3d5c367b6
5.txt,13820,595a8c995d3933e1cf817f522bb9c5dd8199aac524d3bfc3b077ae6aa7630147
50.txt,38849,c32126d01697bf461e04ae5c0ee433025b74c1357433c8112c76fd3008c1bde3
500.txt,34584,743a0e4ce8162dba8fc9f8c3817a1786f1716ec7e33ccca5c8416fd1e15ce3f5
504.txt,6903,fdcb1833cfdeea38e0e4e7d6d3c7eed7a55a231f8e40e82f603278278e317341
508.txt,38889,2ca214f26b30ca003903f19eb620439d9ffc62818a23a33df18b96c123b0f24f
510.txt,19790,5a0552fc4dd19c556af1478b1938670a54f69ab39e502d15f912771618b04568
511.txt,4098,1222413b387cfbe710553a30eacfe104bb9955ce90a2dc9685a1e4b3c23d3720
515.txt,5898,cfc84c0767a4e87a7a498db709daffa122a5bb936c4444c4b53004825cca96ff
517.txt,5699,363dc6bf1e64139f39a3831553d7ce1ea3170e0cad6ded843335bdb66792232f
519.txt,5122,6f3993e570595281115aca6aa503b8014427b9c471c9dda767e54d902b1353f3
52.txt,2524,f5fcab78a607915c9384a1bc40057aa8aa1ac3ce0ec45723980cd109442871dc
520.txt,5442,3c7d6a80524c2a99ab47855dcaa3b11a74e0115c33c1c453ac8967f3b4656d51
522.txt,36210,a2d8d1d1107c3a85c368a3fc0c21be7f786c1ea2780367a6a780b2ad13074c05
523.txt,6857,b0e144a1b04693a89450364e2a789af3d8af96a527420ac9efaf816996e7b399
524.txt,7614,af1d0804d355daa49d20e8b916c0f156dd3e546e93a2b50e9750608347a85a04
525.txt,7908,5f5cbfcfd1c364b32506e62e680d5c17004c1bc9cd2407e0325b60f4cbab31ea
529.txt,2599,bf21a3a0816d5fdc8d8328b5a4b47ed8e403c56ad0e96699bc7bde5188dec616
530.txt,33145,9adba3688a947096c59db63788ade0f62c0fd1961a8b168105a6394e34d1f5dd
531.txt,8289,910e1b4137eb52b5279b4146bc13a3c6a719e71d54a8521a3b3e357338597766
532.txt,8645,1be60f380e7c0fedd121e684442f537e42ac536ea25152723f1f996ccafec07a
533.txt,5471,82bedeebd5d453e25d851bdc753dc91f90367781ac2d41b8ad9de7db9665318a
534.txt,15942,d04bf99e88effcdaafc089606dff6da5e00ab21e1b7e62da419c15070e1b03f3
539.txt,13721,401d13aa4400f646dcfdca37519a8313e4310b71a2b678abf3832adeaba822f2
54.txt,3116,1cbd032367b0f3c8616b76ff9a6c413d300a4b1a3184c66fed48fa8072e4a552
540.txt,16677,2c5324eb98f3d1712aae9bf0df29237e153b9d5f4e1c569bf705793e6599428a
541.txt,21636,2e681ac4c8120cda5308994779898c00dca56d73a5e9012f0733d8ed05a5eb36
546.txt,13970,cf2ccfd35c241a458f4a572ca52da7459186dbc9e840def3e6cbb151561c2e6b
55.txt,2165,7168d125a11e804d8ed8c5168b4d1421466942c903ad30b03472dd92e803d819
554.txt,8973,ebec1e0fdc8730d7f0540d7ca1815fe09fafe53c762a31edd21d90489a39b6fd
556.txt,20894,91f5467c03f1ed0978bf6476a22498224ef60997f98405bfcef86ef6205a27a6
557.txt,39892,cfdeea709b9e7415e2bbdf0d3df1e87dc5e30feaca1f39c87b234af721bbf705
56.txt,12688,64e6c5260e490c23417579dba76c220ff4f3e76f1d510f9a33e053ab5d7609b2
560.txt,28362,c60ee43ee96c8cd796bbece2d1025036525a4fe6172e7fa8e987d5daf8949de6
566.txt,24711,cce132fb20a89c4b96489698e04e352c91221998d1f35a35b98777ea1266fad1
568.txt,6467,ff1d4524ee63718e86e4b63789d869aaf9ca7c1843ea987b336d316b830e5fd4
57.txt,1275,aef17146e038d9f2a1a7f928e7d35dcc82721190b5c4b207a6f797e5b49a342e
571.txt,8502,f43a740b534f39e8138d15060cc763d5aea718dec50241acc8a2f204de6e2daf
572.txt,4739,e2b090890b8809c2a520cf1667859dac3029b0f6b0e486bab0373829473405cf
573.txt,9535,707a4dff73f54bf337c431165eb4b64c538773a9e30d8f115bd0b7dbf124d2a8
576.txt,19353,4a9a1b9a39e4218e83c8f0543f3e3de4e11728bc0d00e773bd51c27dfabd2b82
579.txt,2543,17dcc472479c99d071da7a9f6b3b8e5ba984a5e9d23e061f0c1a9eeff4477438
58.txt,7605,addfbbb784259335e04ea6e348a8a941dfb4947edb77772aedb11d254ef3f53a
580.txt,8307,3b6e28f1ad970117479abf86ad5e4764050fe8d1b0ec53fce5ec6aabadf4e97a
581.txt,5191,02055750c20a4512031ab054c4728690629993636897fc5fc7606edd1bd5d1fb
582.txt,14981,5ca162e25f2a27be504ab218ce0d4116d42411b8d35e30d2b9daf2f18c4abdaf
583.txt,11649,fc78345b304a235f8f4420328364d1e37abf3632b75e8f66889e579993dde8c8
590.txt,3540,5f1034cb9d382511d2b49f1689723022ad36213b059e44712ea34995f16c1da7
591.txt,3908,76d39d2aa2c1388371c055907eb498d59acea67022836a2d280feba391f6229f
592.txt,3383,18de4d13f204b25c5e604f5bde550110bdb0eb1136c8294afa3887dc4a81ac5e
593.txt,3261,deea6fe621744a0a3792f83ec12e87a61d54ef99a406275b792a6e33bcafeed5
596.txt,5533,30249becae53aa79fde6708d2c0e489bbbb7e3a9f1008ed692d83bb1a549a4e5
597.txt,9612,49246f798dd04fc6b9485486ef9ee137eec139e5e88c78addbb09ad2c130f108
6.txt,3886,34499234e91b7e1f2520a427e92644f7bf8c53c8b83561b84fceaa8f645ffa2e
60.txt,6564,eb26046305f35d2e5ab599e2414fc93cfc8cc8c1d3131dfc0c99790268aa60a8
601.txt,18380,14b7416333a8769442bc949cbc931ec748aa59bfd2a7e5552809031f2242e5b7
604.txt,55148,fb36723fadb0ab50b3a45fcb488ec61c9e5298fac89b8beb245f20a3b7f9cf25
607.txt,7641,b39eabfa98623ac7755820edd911aa399900cd2bc5248b58a4675797f236e03f
61.txt,9024,633b270e8ec2ca4f98d70cb1a2f18f69df2e93f2cbf372e5cf702adaea51318a
611.txt,12853,5f20058e412e3c71916c36b3c530185c12f8eb843e4b793b33e9eeff1f1cd6e4
614.txt,12696,c8560d47b04e6612900badad716c4f3f5a96a4af755b2e2d127d2d7bfe7df849
615.txt,24672,f1c1eb4397b638df552e3fe8449e764d0787e95a75142e9eb291961a715a5f75
617.txt,10393,7575ec0a624f662aafaddedc81f4915da2a389c51e1b01aa163af3412029b136
63.txt,2120,58735c0d6c29f8efca57b921cb34297222bfb28fa395e3da9145a5286544a59f
637.txt,35138,8aebb1a5af93f9d68cf250ddba93a1071510a73bc9f65ac06a05004484845d35
64.txt,3464,1f0fd8cfc0a2dbd9fcdc8ae3497fad6121bcd2c3aad4fa4ef303e36bd3be3415
641.txt,22353,8499e8752187ba689e524837b276aee236af246e9b5552d062442ff61d52bd8d
65.txt,2113,5ba575a98e7d1ef852ed9feaf1afe47feb561233454f20a976d32df0da946957
652.txt,9298,f6bbec7e89c6e7dd4fae24e898a69ff07c403493a5db099544400a1a0af6e92a
655.txt,9489,930958f48d7bea583fb53b54fbb7233e70cafa35f7714e2834b56d8e2dc13f3d
657.txt,9874,aa83efc59d916e2668962356f93feb4e66647b25270eceaa555092e3ad82e588
659.txt,10258,71625d37bc822f48f5da79def4a1c0bcfc9fa6b3c6d87916c788012f087896aa
66.txt,3192,159a8e91648aa9c3e135c466b91eb5ce5f11c7fd5ab95ea7ef018d99bbbd04f1
660.txt,6570,e43882602ac446ba160f894f5145d5b540eb0ea4192dadc1a5099509fb09f9b3
666.txt,12070,d6df1e58c1d204e70fac65398e3d4fabfb4725ac3bcfceb1008a8609384bb2c7
67.txt,7534,85bf113f1b9e3f6ad2a165e123fea167e32f8dd3cc30767ffed72a31b4d0fb89
672.txt,11167,55f864dada359e6ddf1761344fa9840dde794c9789229b36d9b952ed1811de52
678.txt,11204,bac94a4652e66743517aec231545c642f49fc335bede5f1488179e79957b0f32
68.txt,8794,1d63e4b03b764419df6f08e3a222e106ebd7644249a4aff85402f5abcfb099ac
682.txt,16355,4d2b44519d42056fd55d0bf6cdcbb2fccf508fbf7971b9e99e1dfcd51b9dfdda
69.txt,56854,b7c7deb4ed9af180a54c9bcc3bdca7a9a20c9afd5206fbf6789542914f59b9d8
7.txt,5165,0ac0c7205b13e643de51ce57eebb943c5e3a65fea2d12bec684953362b0deae5
70.txt,4497,f054309c856c0cc73b5d146782693ecfdf3b82d142001752b57973a63ff39cc3
704.txt,20366,404a5b8875f8ef652722e5ca202acff561de92e30fcadd6daab03e8836552946
72.txt,5943,dc24a6e0c3f3fd9470bf94c28b9fde342b439ca897719f414c734ecb1e50a605
721.txt,27584,8d37b38e714f178d789aabb7ec38c9b2cd1526a38ab4e0457abaa6c729a36a05
73.txt,2794,9b5635df1b39518219312ccd12fa21f8bbd54ca7fbfac6e6eca5bb9d3f59f399
75.txt,174957,e4e340cd36306df1be5c0c920cacca2e0080ae8a5cd3a60915225a08bfa02fe6
757.txt,343436,79ca864d73383590f731317a50b0d9fe23a3b1461cd2b9339e2f1f54a0003d00
758.txt,7834,6c02bf8ac140a26c106cb05760e3d8fce6549d331bb02f6b49e05f70e72fb6a6
759.txt,44518,cbbd9730e35b3c36b5d2c896c25cd1a9cdbe7d1c4d6af41d65aa66b9dd38dac7
76.txt,35629,b3a6317fc9c727ea1f4dea0bc0b4f22d3cedf72c9253809412d7bdf6d4e85ae9
761.txt,76323,728b6525e1f55723775c32425d8a9ca9b8a063f12e2123aad90d91d869a86204
762.txt,14356,871899fd51bfc72b0567d429b45849eb6f2af85a4caadb4c9908b2a93e66d4ff
763.txt,25874,c40973324f850cd81db1d9b7e2dcd924107e7d8e922331ee20b2fe455e6fe138
764.txt,42465,cdeaa7c2f70a4b3df9730bcd5a1d606b18fcecbc57fdfe10b657e05b52b08002
765.txt,17329,3237891c4ce6b4433ccda5952bc690d294160c230fbc827d1a65aa343e602b47
766.txt,34670,bf84010bc43502724a49e189dced37bea041907612e03600d372a8a61406610b
767.txt,2761,b84662acdc05debd3195d9760607e85081347c95d4e3a4da84aa295a38c201fc
768.txt,40589,9cdfc07371dbd329c5f3a70d6588d74efd317e17bd6b84994862fb3976cbac49
769.txt,4792,a21cfbe48d1619e5223a2b406a30c6d8b6dbbd90fa4b1307c0573d49c2110c11
77.txt,260431,fcec453ff182796f1b76cdc0a3946a3757af4b84625276e8f3adb8f95ec128f5
771.txt,42339,e31740745dfef0f33f53f01501c93dc22768c69b0b7c218ba02e51711cddc5b6
772.txt,48137,4309e4a79c784f6ba44a38b2696c955862c326183127127fba4651a11be0cf5c
78.txt,8090,57dde26720e5ead7b77c154cc5d7b83792d5ba212bc3b29dda9662f4386f9852
785.txt,6338,056f7803e59bc5ee37f7f64d5ab8cdb830ae2dd417fc839ab52c35b44896e0b0
787.txt,9633,64af91ff40b9a02f2c59eeaa18deb4b47ff0e3524c6c556fa95ccfede5d49377
788.txt,8285,5d1ad7e8768842307ca82dd27d99563007155f1468f8a68bb1f0d06dbc25f96d
789.txt,7667,391106be28d137e827ffcacd9cf190dd90b5b61b30681d84eb6f717b2fb37486
79.txt,18892,24a7298ae486de2730b42b6c1d24132e3f7721b42b303f9b5fce91e7f26b0241
790.txt,6333,9c12168d91cc903405a0b7917255217735069f3c8879ab6e1f41defa0492cc3d
791.txt,3011,51afa1b08f7a5373847940bfdf1965cc736ec63a363c67c12c3dd3ff6596c19b
792.txt,1739,f0c44243daf649206bda97c84ead85b9c0d14eb9f3196b327eae82df9e27a7a1
793.txt,12266,2d20162da24662c1bcf8e40c698fea34d82becd51b71c09f6b210074e5e92523
795.txt,1554,ccecdaba15f7cb7cb49383d4f7d85ba17eaf1b54c3ea6615e4a076897e5b7ca7
796.txt,1070,31d19ab1d51113d4e77d2840fb136ec50c430e319aab4e0e5cd60def41bfb4e0
797.txt,1141,5ec0c5e24a1a58b8112b5071fac9e9e15c4302eb648130d38f9c865df9431720
798.txt,6194,bfc1a10ccc6f046cd5e4eeec88801f78948ff60455ab0948d8dccf49edcf73c2
799.txt,1342,5163e4daddd1fb8594e659c11662da2a7ef7326988b0cbfc0df403d29f48b9c9
8.txt,2733,eb84217b16db9a44aafa8e51cbae4b8f7db3e4ed5210322744bc13fb25a48caa
80.txt,4388,d6bc4d4bd9023763b39fe77dacdc519ab689a8880ef7b7b3817a86a71ef01b57
800.txt,6712,13d6be490302e747e0deb67259c472a94f7c180c9805f3f46df8f5c6ed4f4ef0
801.txt,5490,57ed2d44ec4feae53e7558f322a16cfc91c3aafc7c7a8bf31540fcd8be8fc91c
802.txt,3178,38f56334e9f6e4fa9a8a88146c77c0ce55f8a3719451ca7020299dc7d9a1a2f5
804.txt,3120,552c944b654b5d7b0eb6ad86578b7d87cddc0e734c35375f3ee50efdcb19b91c
805.txt,6504,21a931ebe908f02f46aa7cad877dfe96d9c57380935b506f3700a86cf1a78955
806.txt,2644,3b1d79ea86a8a49128b886404be8d4f27b8b858b2cddb54d018bc84fb0a9abb2
807.txt,1661,9b652166a8c44a7b4a3ebec313a9f1dcd89556820ed26cb5679631f66ee1ee9e
808.txt,6296,42bf7eb44fc3195ec3fbc79cd01987f9f122e074138f558e886dedabd626d9a0
809.txt,2837,7a3c05d56b3112f16ed6d5af1019f718720ddfe3acc3d2a007d8e700bc53bad5
810.txt,2268,0227e6cfdd7fa9ddfa551a00cc27da88ce2166d562bb5483196fee7407ad9193
811.txt,2190,0369414bc2b87452f6dbd0e52594f7dd85b712125ea735ec55f1591aba88295f
813.txt,10720,c19c6df570e1e6571c171f671d4603d915143cc85cab2f637e4a207e5162cf86
814.txt,1467,17fe5076adf3cbec7ffcdc84f13a60f3561703e487258f55bf1c9ad17955aec2
815.txt,5683,da33203df9f4820d86e81716f5a8aa614628a156664498d7fdb56cf09a6f8377
816.txt,2156,b1b1c6406a4fafb0a359c6173cf78bf3edc8e258fb09af4e13ed1a37cdb666da
817.txt,1836,2b028194a9c6e29334b7c24f269ebc6ce8b87ef01d97a6338d6048e2878fddd0
818.txt,5030,4f5e455b05f396524e6784eff076759e0c091587e11768c867fcc3295c4c5693
819.txt,14271,1532c45ac4ad57b680cfb08f5c2488732f8e41dd57d4cd0b5b4c701f0c263fb1
820.txt,3189,d6e7c6ad9916d8e88d81c6b76fa043bf2beff2191441d15f656adb13bc8abcdf
821.txt,2579,dff21aab1f75ae48e48e8b2b7f4597671fec2bb546a2ed4514a51d7821b9d3d6
822.txt,2716,58b11b582b0b878cf5db415184ca731253d6ef2cc66fc7699f0b589fce5fd2c9
823.txt,7256,5be981ae4a6187b088564654392c08331906160de9c781ab588c42cf169dfd52
824.txt,1259,168062fd7b8e18f84d51d9d5e99864536981d8165fb8d1ad1bb01280ab973ccc
826.txt,17772,8de295a1f3a709812a5ccdccef1a511f6bdee1481b342ee9050c184922bf0c72
828.txt,1680,b59421de341f98d1b21f46ffd4308d4eef9b5d2d73e3d494b82a4595ae31c151
829.txt,11780,22069b0179144350acdc8a4a65c8ca7bdeb42556a7d30b195cf0d78f4aa2eb5d
830.txt,17628,d4930cf4d1d006c5ea79e3730804327f2a0039907d8141e2a52bdefb64cdbc5e
832.txt,1459,d6ec0d709df50483408e284a90ac2c1f11e1a348eb39058f6ffa4c82239801a5
834.txt,945,82e876648e202dea33c4eb4c17ccff4e48705b8a5890898628949e2786414767
836.txt,3941,ec84d32719d777c009b2e727bb89ce520bd5b737820bf655f6e55b9a263af8ef
837.txt,2487,7862a455e1ea79f060a6f9bc9c28b5da1bf5a70ee4b738ab48923a37939ae66a
838.txt,1426,d8f15e19b8960cf2d787256aedaaeb55216eb535b19bff9ab6e9a896129c9de3
839.txt,1557,b3c15bea2249f29b6dbf0f1ed4422cae5c9956c2c45aa45d1ca1920da3134b79
840.txt,3799,d62f8d6b61a4dc19754d419022dd49bd7134d89e8417fda19d550e3f5721b6c5
841.txt,2004,c3ddbce5e9cbf9bf788dfe71331a5ceb1a7845c8b0ab2994b068cdee019ec84a
843.txt,745,d299527e6be29bac8405ec806df536a0c07ab602302aaa87fed9258d22b660e3
844.txt,3660,e8acc6fd567660f53362d43781beb1ede1e6f69cd14be526d947d1d49a1d0dd3
845.txt,44554,57af73030b3a3a7cc1b11978791b6cdca4cc04a4f7d1e5ca09c0fab5009d93e9
849.txt,1463,47c6110df2f3b40dd796aaffda7433b9e99eea51ce46a7670c1b8baa4992c5a8
850.txt,3185,3464a782feccb525f407551ee0d0675f8768e734919a51511f1febdf400988b0
851.txt,8866,5fa09d39a561574031873132a6c0eafdec133b1745266c7392b77257ecdbc939
852.txt,6628,07f5ee93d2bc255d5313ee7047dcea9075d06cb10ee7e24019d08987e23eb937
854.txt,9581,b6f9ee6b7f59a69a3435c5207136dcb7aab7f17f9426879bfc698c2df4ee1024
855.txt,14267,701a36074d15155ee35a63b7e442f936d0e578a231f6fec391cac98c6e46c50a
856.txt,30330,900991baf5eddc6bf995b3e29214426c70bfabb4a1d4acda5b58d06411e1211b
857.txt,3116,12a54fa760113c135674815101ca69b822fd794ada9a71f6d74a2c59f767a70d
860.txt,45433,257e73778d314658588b26644040be66cf13992f80e268dd949046fbb228ebf7
864.txt,16629,f8d237b16fcb1e5546a5847409558b354d72e0a9f636c8006ba80c57d4e472b3
865.txt,10802,fb8c0a6b9551d14aa240655a3da8c0f1ce95ca5c4dfc2fd2f8fa8e640bbb1213
867.txt,12509,14f98a890688f9697d2735ebc739d8efe854e7d6ae1dca45137dfb745ab6eae8
872.txt,12246,280bf4547c91a5984f7908b2c284f05a8b61b0b61a7ea4dfe51770434da36b46
874.txt,4088,2128a0d86b14fd4304611727cdb4c5c3ad7dfe47ba30bed18beb06ad90ad0d6d
878.txt,7577,82c5ecb2f836c571dc774a7afd0761088768ac08d0d93a3e0027bd0dc58f130e
879.txt,8278,9ad4a70ff1c737e22a0ee402ab1c31e2f9a29dce8246de37cc880174e6265215
880.txt,22837,4083a52249bcc03b78c6d2fff1866d47afdcee9645e083ea9a592c7372bdfeb4
881.txt,7605,967ba30d46b1305890e4ee68015111c5c685c9e81eaceb4cbd046836c4cf8b3b
882.txt,3894,96c7484d42d16dae0b9a2c1ebbeb2176b200a4f9937d9f7d9693fff9e44f9e8f
883.txt,15380,6bf6fa86e18ac064d0581f04abd639215cb71b914fe175f8a7ed302f8d68ce64
885.txt,6040,0bcf8883b8e73a7dc8fa8b0f3c6b1262de0178e171a29f8ca6b18754de22cfe8
886.txt,10986,073141829fe210cceb7cc1aeda68850234866bcbfdaec88c12fe55cad9135422
887.txt,5591,f179547ef081700b04a34550c8430657a46017f56a8bbbe70a60a51184a22edf
888.txt,3451,1293597430567f112bc1c7c036b750b55155d91237a1c2cf587a0e8c24b9c736
889.txt,11327,7af73aa11bd15fa124664ddc0b476a951cfbd07b34ca394ec5b654051cc5af15
89.txt,25335,5a051746959e6bfb9837edc96f2453ff26b1ee4615842f8331eca178bf32edb2
891.txt,2420,79b8712ce18c72552addbb02e4923ab4469f9a3cb7a759b3104b5c28381228c2
894.txt,11183,89d64254b5df0f29522188b546745c6a67fe79d2dcc5ed012771891d346e77a1
896.txt,3287,8ac480dde0036e347413b36ca32bbcbd79c07adfd78feb721c66b719cbad3dc5
897.txt,2638,8f98155a7aca7d61ccd563b35d1002be7920a66db82d52c07407aeb7dcd1f8b7
898.txt,17338,d5f81f088bd5206b9af6c83e4c01f95f1388b480386fef6bfaf9df0cdd5c75f2
9.txt,1821,b947f0b0c11b596295dfca18551844dd2a6287c2b1ba1611ba6d2ad6e2c8b114
901.txt,4948,0b7da3f2be953998073aa0d5685298c01022a1a0facb90e6304278edde6b3c1b
902.txt,28567,217f32dbbc744bdbdaa274ede12313625c751512e63e2f756ee552413ffdb037
904.txt,9446,c13f672b0de8f61c0fc9080198b34435b1d40620c2d0bb338081f7ad5bf7cb68
905.txt,5261,847d6f54a198fcbe5c05e193c244881fc31d7f43b6d9c9141ea09d8a74e875b3
906.txt,31168,cc42823f0267ba5d09eb8d2a81747427dc1a949e6c76c011fc8dc30d010c017c
907.txt,9591,46608b6ff39a10782d096c65738f4ff698e23a669b24f614b1e9ac8f00f29e46
911.txt,10580,f24c983c5183bb1d883a90dd0e9f628e60ba5c5b05bbd2dd9997b2d7cbec60ce
914.txt,6688,eb783a618b70fba71e9230ef9b8321059a8a8fef935cce205f115bef75308177
915.txt,683,0bf06ac504616abc6cc3bf3e565d82bbbe9f9f8f999829eab46381415e5c42cd
917.txt,1287,8bce50a0df8083e3b761e023fa8807faec2919a90863cb4756f11e3f82ae58c1
982.txt,2750,f9c8e002e6202aa3804e00524ada0d635e1bdacde995750fd4cd469d4a5d7cb7
984.txt,3811,5c9c21009bd3ebb481d3f5e51fb597c0448554ccde07aa53fd86bdd2c6a876b8
985.txt,1640,15535f63450303895ca75fa7aad0361cc73a18dc16faf626da3c050c66380dcf
986.txt,28304,fde580ad2a5f277e9891a3ae3ae708ace87618a7b0f7f89935b887c0eff2d5cb
987.txt,17231,e33f2b2ea6e6da0ebc7a39ec6be595b0981c357510b43525aa57c0ff04fc6c10
988.txt,24320,d570571ddd1e355fa220c30f6e2a864152b5d51a52f759113d4f7e3971ee93ef
990.txt,6940,38d61f1346e370eb56a9c74f031a6a6248fb1d3df478e164deff2bbef7ac5053
993.txt,1541,0a22f06fcc59726a319d78223b33b128972023629198060c26560de05bd7113b
994.txt,19812,e63c01b86b7b394138bab53170092c298e8fe589ae53d6927e98f6e0ec25338b
995.txt,135832,d0a81f92710e24ecefb23b49cdb1d2d1d136acaae81dabea283612d7c337681e
996.txt,4970,e463b46c8170eab1eaba33abeda814c58c7d2e76d69031f2e429487cdb60895f
997.txt,11469,bb59291e66ee10eb3c9b378b10c00b017a15a3031818e46f2f28d94b8c051c0e
998.txt,4865,5314e97990bc46eb2ac1c093652497eb2e0d0a9a9053e0ce2f401180482962fa
999.txt,3213,0de6c33a78f958290bb68db1054fe55c7c09fb2cbdf1e41a7e8497e430fe08b1
